base,prime_factors,radical,phi_over_b,candidate_count_exact,candidate_density_exact,relative_candidate_sites_vs_odd,kl_from_uniform_bits,normalized_entropy,reduced_chi2,max_prime_rate_lift,min_prime_rate_lift,lift_cv,excess_transition_js,excess_internal_js,excess_digit_sum_js
2,2,2,0.5,49999999,0.499999995,0.99999999,0.0,1.0,0.0,1.0,1.0,0.0,0.0003395648631176,-2.439144031394099e-07,0.0067372263722448
3,3,3,0.6666666666666666,66666666,0.6666666666666666,1.3333333333333333,3.8333540786084094e-09,0.999999996166646,0.0306172715499997,1.000072898264917,0.9999271017350828,7.28982649170762e-05,0.0004440043366816,-1.928561692275597e-06,0.3383124804273777
4,2,2,0.5,49999999,0.499999995,0.99999999,4.322650015708973e-09,0.99999999567735,0.0345253124833107,1.0000773910131018,0.9999226089838024,7.739101464977238e-05,0.0013906279011816,-8.48159688140494e-07,0.2074009215910831
5,5,5,0.8,79999999,0.799999998,1.599999996,5.699050564800245e-09,0.9999999971504748,0.0151727904255191,1.0000919781664837,0.999908021833516,9.197816651682426e-05,0.000484041549741,-1.4691347991687253e-06,0.3367271134996678
6,2*3,6,0.3333333333333333,33333332,0.33333332333333325,0.6666666466666664,3.815123106321039e-09,0.9999999961848768,0.030471653678219,1.0000727247103325,0.9999272752896676,7.272471033248907e-05,0.0045880378278304,-5.342280269889701e-06,0.1167778922797611
7,7,7,0.8571428571428571,85714285,0.8571428585714286,1.7142857171428572,1.1743128868662305e-08,0.9999999958130473,0.031262751012826,1.000189114243247,0.9997929804500824,0.0001275736160181,0.0004640248282801,-1.1124953872612554e-05,0.5020890184673181
8,2,2,0.5,49999999,0.499999995,0.99999999,1.53388618428907e-08,0.999999994886216,0.0245579492041637,1.0002507923042263,0.9998149251772216,0.0001458306313099,0.0033889591604767,-1.3360125850469827e-05,0.0804377578285899
9,3,3,0.6666666666666666,66666666,0.6666666666666666,1.3333333333333333,2.552084649030562e-08,0.9999999919475835,0.0408554229580131,1.0003972505118785,0.9996954638363532,0.0001880780335236,0.0019290927658268,-2.238031795227749e-05,0.3358966408782728
10,2*5,10,0.4,39999999,0.39999999399999994,0.7999999879999998,5.676082937000615e-09,0.9999999971620351,0.0151116394747929,1.0000914449789509,0.9998769157676554,8.869271214698164e-05,0.0061918457308804,-2.2878612512613296e-05,0.2057038402528078
11,11,11,0.9090909090909091,90909090,0.909090899090909,1.818181798181818,4.4123573454961225e-08,0.9999999867186401,0.0421916601782078,1.000504662310183,0.9995650363416746,0.0002473315153837,0.0004522598530485,-2.6931252963900777e-05,0.4292914271344457
12,2*3,6,0.3333333333333333,33333332,0.33333332333333325,0.6666666466666664,1.217929453585009e-08,0.9999999966035159,0.0324480693356885,1.000258596104732,0.9997639406611712,0.0001299689203836,0.0091269364827696,-4.419300177936867e-05,0.0502052704037928
13,13,13,0.9230769230769231,92307692,0.9230769292307693,1.8461538584615385,4.687634769684256e-08,0.9999999869393675,0.0407918400834434,1.000550751817431,0.9995883488480616,0.000254913311343,0.0004087644255596,-5.399572742476021e-05,0.5016741509497055
14,2*7,14,0.42857142857142855,42857142,0.42857142428571426,0.8571428485714285,7.609052698587915e-08,0.9999999774807344,0.0726452669529364,1.0007298093751007,0.9992977587400544,0.0003247604932052,0.0076473382644568,-5.363254886560127e-05,0.0425479410797365
15,3*5,15,0.5333333333333333,53333332,0.5333333253333332,1.0666666506666664,7.530618279766532e-08,0.9999999781930207,0.0670920119326806,1.0007028597041063,0.999407148545392,0.0003230997107134,0.0054518774676357,-6.016136892515134e-05,0.4003449265453213
16,2,2,0.5,49999999,0.499999995,0.99999999,8.655322990991143e-08,0.9999999759013666,0.068242656138795,1.0007277031815072,0.999361828181778,0.0003464150524035,0.0052592773639751,-0.0001008738078692,0.0227171636440732
17,17,17,0.9411764705882353,94117647,0.9411764794117647,1.8823529588235295,1.0301698176733432e-07,0.9999999727275779,0.0679465195504721,1.000830523441762,0.9993503401087216,0.0003779199602318,0.0003637408858884,-0.0001117553172846,0.4589980653163527
18,2*3,6,0.3333333333333333,33333332,0.33333332333333325,0.6666666466666664,1.1163533936927592e-07,0.9999999696498832,0.0682290740903775,1.0008653562951293,0.9993085675108764,0.0003931441109676,0.0127069777365673,-9.274447390786518e-05,0.0319964940512786
19,19,19,0.9473684210526315,94736842,0.9473684294736843,1.8947368589473685,1.1593431909153022e-07,0.9999999698009749,0.068963396475795,1.000826037167548,0.9993488299979688,0.0004008644171003,0.000352553380202,-0.0001328205555223,0.5076737291613794
20,2*5,10,0.4,39999999,0.39999999399999994,0.7999999879999998,1.5358218543598532e-07,0.9999999591561437,0.085627790406226,1.0009748968065298,0.9990723108480672,0.0004614155654277,0.0112255000483498,-0.0001335712091722,0.0133190175958595
21,3*7,21,0.5714285714285714,57142856,0.5714285657142857,1.1428571314285714,1.537292966702131e-07,0.9999999607245374,0.085448664355279,1.0009097726429006,0.9990150896669488,0.0004616196682624,0.0026141752692987,-0.0001574552473514,0.3356152390094638
22,2*11,22,0.45454545454545453,45454544,0.4545454445454544,0.9090908890909088,1.789212876464938e-07,0.9999999551355814,0.090763338073307,1.0011163692796227,0.9990198612455776,0.0004979933494814,0.0097331800177594,-0.0002000637544454,0.0111329871996526
23,23,23,0.9565217391304348,95652173,0.9565217495652176,1.9130434991304352,1.8397321843516432e-07,0.9999999543688143,0.0844944184313927,1.0011273284445923,0.9990857775212732,0.0005049433167784,0.0003452770934027,-0.0002190988308219,0.4675944566146273
24,2*3,6,0.3333333333333333,33333332,0.33333332333333325,0.6666666466666664,2.097678316878016e-07,0.9999999486801916,0.0921097200754503,1.001238012513261,0.9988837219275354,0.0005392659573663,0.0145804011235087,-0.0002082419435448,0.0173020148694164
25,5,5,0.8,79999999,0.799999998,1.599999996,2.3640419852817287e-07,0.9999999420431524,0.0958561792054599,1.0011195012140264,0.9990560738165768,0.0005724728707835,0.0005623889408554,-0.0002512929437952,0.3363432367166131
26,2*13,26,0.46153846153846156,46153845,0.4615384546153845,0.923076909230769,2.7853033242041886e-07,0.9999999345113917,0.107290032074653,1.001332254500254,0.9988783750225728,0.0006217558895346,0.0109248157853632,-0.0002683615404256,0.0095869587988002
27,3,3,0.6666666666666666,66666666,0.6666666666666666,1.3333333333333333,2.50651111257838e-07,0.9999999417592184,0.0893288074184594,1.001111394458083,0.9991244268998084,0.0005900113950665,0.0030700409557942,-0.0002981211634414,0.3381224745405954
28,2*7,14,0.42857142857142855,42857142,0.42857142428571426,0.8571428485714285,3.441398530286968e-07,0.999999922848296,0.1148917068671769,1.0012930265585197,0.9986159352980464,0.0006907193499703,0.0119138916252696,-0.0003168768743817,0.0108932877508081
29,29,29,0.9655172413793104,96551724,0.9655172496551725,1.931034499310345,3.139356907024953e-07,0.9999999318149494,0.0992780879774417,1.0013186848416812,0.9988063125831088,0.0006597514754854,0.0003364292509309,-0.0003457374971063,0.4723332596644497
30,2*3*5,30,0.26666666666666666,26666665,0.2666666526666665,0.5333333053333331,2.21147402612587e-08,0.99999999262842,0.0252329249468433,1.000252057313013,0.9997258010649104,0.0001750659278425,0.0236258802238814,-0.0003729365614181,0.0181981414360426
31,31,31,0.967741935483871,96774193,0.9677419396774194,1.9354838793548388,4.161732009997793e-07,0.9999999104841144,0.1223225774905211,1.001564258043217,0.9985919017497096,0.0007598082856275,8.349204424767027e-06,-0.0004515871093482,0.5816744838255293
32,2,2,0.5,49999999,0.499999995,0.99999999,4.453004242455358e-07,0.9999999054873464,0.1264763361233876,1.001471320350277,0.9986214573473004,0.0007857290062232,0.017946581441703,-0.0004194117790189,0.0073461278969678
33,3*11,33,0.6060606060606061,60606059,0.6060605960606059,1.212121192121212,4.457137023239799e-07,0.9999999071960229,0.126464780491136,1.001561422024712,0.9986840045078564,0.0007861156789393,0.0059973620177611,-0.0004957017975761,0.3367248253471599
34,2*17,34,0.47058823529411764,47058822,0.4705882247058822,0.9411764494117643,4.5944108514155e-07,0.9999999054074091,0.1261046446878874,1.0016049190091847,0.998713953515034,0.0007981052255244,0.0145395502497085,-0.000536502300987,0.0064909372169146
35,5*7,35,0.6857142857142857,68571427,0.6857142768571427,1.3714285537142854,4.689268524080026e-07,0.9999999047693784,0.1268969052550735,1.0015304351100465,0.9987880244012552,0.0008064194548196,0.0036405067497896,-0.0005965550848598,0.4022676519311653
36,2*3,6,0.3333333333333333,33333332,0.33333332333333325,0.6666666466666664,4.21404352731079e-07,0.9999999158445644,0.1103813981068887,1.0015517371321407,0.9987201630368852,0.0007643204016875,0.0200602080457803,-0.0006188765228041,0.0051344490600851
37,37,37,0.972972972972973,97297297,0.9729729797297297,1.9459459594594593,4.986984224053414e-07,0.9999999013025436,0.1273280412572565,1.0018225606183235,0.9985523826269514,0.000831691363665,0.0003099039967636,-0.0006744583177341,0.4812214262564662
38,2*19,38,0.47368421052631576,47368420,0.473684204736842,0.9473684094736839,4.897252045193493e-07,0.9999999031747756,0.1233294579111952,1.0015082156158756,0.9985950155576032,0.0008239996168101,0.0160089516940892,-0.0007429799273898,0.0055459235154128
39,3*13,39,0.6153846153846154,61538460,0.615384606153846,1.230769212307692,5.188492164799774e-07,0.9999998983396682,0.1241923752164874,1.0016548017102045,0.9984043894531804,0.0008481598222532,0.0066488910073501,-0.0007404853730994,0.3355387517426821
40,2*5,10,0.4,39999999,0.39999999399999994,0.7999999879999998,4.451323447209924e-07,0.9999999151786354,0.1049661394496236,1.0014678953051178,0.9987737992037722,0.0007843138589365,0.0187834909202053,-0.0008947520786849,0.0036656608240084
41,41,41,0.975609756097561,97560975,0.9756097597560976,1.951219519512195,5.334375652198257e-07,0.999999896634593,0.1257147826638734,1.0018016071300073,0.9983693737808002,0.0008600028697286,0.0002910211883297,-0.0009042669889073,0.4865723958990022
42,2*3*7,42,0.2857142857142857,28571427,0.28571427285714274,0.5714285457142855,1.6109084194756156e-07,0.9999999638004889,0.0468830285707327,1.0008037974565356,0.999388598544667,0.0004714555549736,0.0208646920971931,-0.0008501987069342,0.0040029752165437
43,43,43,0.9767441860465116,97674418,0.9767441897674419,1.9534883795348839,6.088931311514715e-07,0.9999998834234486,0.1359071156965208,1.002066881077505,0.9982105441986908,0.0009195083666236,0.0003586649597143,-0.0010280429723444,0.5588482574768057
44,2*11,22,0.45454545454545453,45454544,0.4545454445454544,0.9090908890909088,6.154490997501974e-07,0.999999882975596,0.135012649686533,1.0021307508404427,0.9983644322852088,0.0009245713321247,0.0189136089065621,-0.0011224320887863,0.0029268191305619
45,3*5,15,0.5333333333333333,53333332,0.5333333253333332,1.0666666506666664,6.305847061626892e-07,0.9999998813828457,0.1354365772205804,1.0021415206357622,0.9982753246151168,0.0009357480908408,0.0085529097647392,-0.0010989633535377,0.4005211140522376
46,2*23,46,0.4782608695652174,47826086,0.4782608647826086,0.9565217295652172,6.67836892240814e-07,0.9999998744447329,0.1406300952279161,1.0021230076081314,0.9981529149315892,0.0009629878644396,0.0202766116157194,-0.0011664306480283,0.0030198207186641
47,47,47,0.9787234042553191,97872340,0.978723409787234,1.957446819574468,6.914347636429286e-07,0.9999998716534738,0.1423253151872646,1.0022259615340239,0.9981660076741754,0.0009797828724646,0.0003321910151108,-0.0013815273550316,0.4924017733299084
48,2*3,6,0.3333333333333333,33333332,0.33333332333333325,0.6666666466666664,5.573262598607575e-07,0.9999998984879006,0.1117075463581725,1.0017393067624288,0.9986055334611724,0.0008791249813173,0.026686707480082,-0.0013555155302903,0.0028344955899556
49,7,7,0.8571428571428571,85714285,0.8571428585714286,1.7142857171428572,6.184455304092573e-07,0.9999998861964475,0.1221696583767615,1.0020420301305009,0.9984537153270104,0.0009264576728296,0.0011422134201853,-0.0014262373880041,0.5022027287665868
50,2*5,10,0.4,39999999,0.39999999399999994,0.7999999879999998,6.257786824726728e-07,0.9999998868619442,0.121054343782741,1.002172076614102,0.9986233328503524,0.0009316339795839,0.0230758593685822,-0.0015332751873473,0.002178626310326
51,3*17,51,0.6274509803921569,62745097,0.6274509762745097,1.2549019525490195,6.256396785087937e-07,0.9999998889732855,0.118354090242674,1.0019583412312598,0.9984061637389124,0.0009314584618506,0.0085909781888955,-0.001548482857984,0.3395366220549933
52,2*13,26,0.46153846153846156,46153845,0.4615384546153845,0.923076909230769,6.639371936887128e-07,0.9999998822895766,0.1223866014870162,1.0023499879483964,0.9984126092434208,0.0009595776094099,0.0258094385463704,-0.0015419652579404,0.0022939641921566
53,53,53,0.9811320754716981,98113207,0.9811320798113208,1.9622641596226416,7.493212813649786e-07,0.9999998692227738,0.1173676086549378,1.0024083076718118,0.9983287809569106,0.001019292865511,0.0001714946085218,-0.0017073987566334,0.4962311152890564
54,2*3,6,0.3333333333333333,33333332,0.33333332333333325,0.6666666466666664,6.967575739123655e-07,0.999999878903985,0.106387713770248,1.0023047018001734,0.9983750097058904,0.0009828338308096,0.0292962815850622,-0.0017120820315917,0.0015662402071735
55,5*11,55,0.7272727272727273,72727272,0.7272727172727271,1.4545454345454543,7.770430591413469e-07,0.9999998660269644,0.1175311573192017,1.0025590436548533,0.9982768084222852,0.0010378757227054,0.0020578508793467,-0.0019419363033938,0.4292630473320449
56,2*7,14,0.42857142857142855,42857142,0.42857142428571426,0.8571428485714285,7.848539739923155e-07,0.9999998665243357,0.116612803749136,1.002363597972357,0.9981655112974704,0.0010430344737507,0.0290320751084195,-0.0019407897392466,0.0013891986351609
57,3*19,57,0.631578947368421,63157894,0.6315789363157893,1.2631578726315786,7.823244695170705e-07,0.9999998688399449,0.1117228859908987,1.0022903056821109,0.998053474187348,0.0010412575408348,0.009061300683803,-0.0018773215605033,0.3368357814633712
58,2*29,58,0.4827586206896552,48275861,0.482758604827586,0.965517209655172,7.912029389841791e-07,0.9999998684604798,0.1088191296061106,1.0022646835463653,0.9980391168297176,0.001047143692954,0.0297698967604546,-0.001985473910434,0.0016636436989887
59,59,59,0.9830508474576272,98305084,0.9830508498305085,1.966101699661017,8.206044045250704e-07,0.9999998651158466,0.1149813553090886,1.0021295693351835,0.9974490499134512,0.0010665066580746,0.0002621005138018,-0.0020714941090224,0.4978869065109606
60,2*3*5,30,0.26666666666666666,26666665,0.2666666526666665,0.5333333053333331,7.645926433753392e-07,0.9999998756620648,0.1047991521182199,1.0023652665394454,0.9977047834153132,0.0010295870336002,0.0315982958674255,-0.0022744260786512,0.0010794719165378
61,61,61,0.9836065573770492,98360655,0.9836065598360657,1.9672131196721314,8.4326774201231e-07,0.9999998637817848,0.1152943903814928,1.0023662179062442,0.998149417542214,0.0010804889600099,-0.0013533539470639,-0.0021871555439768,0.5814033380707304
62,2*31,62,0.4838709677419355,48387095,0.4838709548387095,0.967741909677419,8.418245993228221e-07,0.9999998641383364,0.1132416709485044,1.0023105076183143,0.9979458198791304,0.0010796020437018,0.031320654389445,-0.0020590452905879,0.0012350390908811
63,3*7,21,0.5714285714285714,57142856,0.5714285657142857,1.1428571314285714,7.936235614902198e-07,0.9999998742771187,0.1045214989906281,1.0026187200720529,0.9980987814239432,0.0010488153101824,0.0107750089004684,-0.0024914350615785,0.3388623280892398
64,2,2,0.5,49999999,0.499999995,0.99999999,7.711435814113458e-07,0.9999998791396476,0.0987786508322748,1.002397428885573,0.9983612481759452,0.001033892563824,0.0339105458186094,-0.0028459955889131,0.0007202623801357
65,5*13,65,0.7384615384615385,73846153,0.7384615373846153,1.4769230747692306,8.707938026208285e-07,0.9999998641519877,0.1075287586204399,1.0026524864363218,0.9979210460803832,0.0010987546022332,0.003218131692827,-0.002487197453701,0.5007871733742968
66,2*3*11,66,0.30303030303030304,30303029,0.3030302820303028,0.6060605860606056,7.422035292362409e-07,0.9999998863745913,0.0894056743611075,1.002354303653459,0.9983982175595876,0.0010136845890914,0.0316069454625391,-0.0029407654494562,0.0011595231708448
67,67,67,0.9850746268656716,98507462,0.9850746298507463,1.9701492597014927,9.171614194114838e-07,0.9999998590995504,0.1126771551340806,1.0023392191072462,0.9965319805888704,0.0011274493829798,-0.000681125065955,-0.002659620900601,0.5024295166680409
68,2*17,34,0.47058823529411764,47058822,0.4705882247058822,0.9411764494117643,8.857010686203033e-07,0.9999998652216596,0.1063466397908884,1.0027508746869068,0.9983243463821308,0.001107962504091,0.0331254598204687,-0.0029925053559642,0.0006809649210833
69,3*23,69,0.6376811594202898,63768115,0.6376811563768115,1.275362312753623,9.615392561280505e-07,0.9999998550607804,0.111083121037257,1.0027264235774474,0.998114994389044,0.0011545711145595,0.0112626214148537,-0.0030433069331141,0.3383886389176918
70,2*5*7,70,0.34285714285714286,34285713,0.3428571334285713,0.6857142668571425,7.414121859217416e-07,0.9999998870257524,0.0852911912020886,1.0021961173369518,0.9982675628141596,0.0010131413824502,0.0316517762349983,-0.003236947646339,0.0006333057341637
71,71,71,0.9859154929577465,98591548,0.9859154898591549,1.9718309797183098,8.283714828155819e-07,0.9999998757298296,0.0958847229003447,1.002594635116997,0.9971265545707584,0.0010716805413056,-0.001304627045924,-0.0034446521176848,0.5054610970716815
72,2*3,6,0.3333333333333333,33333332,0.33333332333333325,0.6666666466666664,9.442423626622842e-07,0.9999998592425775,0.107493280865659,1.0026297655476215,0.997816326445016,0.001144111417539,0.0378115957534191,-0.0035389509411906,0.0007644329753999
73,73,73,0.9863013698630136,98630136,0.9863013698630136,1.9726027397260273,7.209362535136377e-07,0.999999892811538,0.0810952470045829,1.0018720968701338,0.9976231694291556,0.0009996795901369,-0.001753017138117,-0.0034512421463468,0.5055450859393271
74,2*37,74,0.4864864864864865,48648647,0.4864864748648646,0.9729729497297295,9.336667476711469e-07,0.999999862506336,0.1040584135775661,1.002807262283953,0.9983996615865956,0.001136704295201,0.0376779882037718,-0.0033806896045345,0.0004707619429932
75,3*5,15,0.5333333333333333,53333332,0.5333333253333332,1.0666666506666664,8.444268031663648e-07,0.9999998761410782,0.0939848369077871,1.0025557660650898,0.9984766310724636,0.0010811526883915,0.0134438782272128,-0.0039162046153871,0.4009584371605808
76,2*19,38,0.47368421052631576,47368420,0.473684204736842,0.9473684094736839,8.585316715307767e-07,0.9999998748070984,0.0953372471203805,1.0025005247720082,0.9982550651591088,0.0010902819876353,0.0390331528133183,-0.0037668465964548,0.0004600761878978
77,7*11,77,0.7792207792207793,77922077,0.7792207777922078,1.5584415555844155,8.207774719223515e-07,0.9999998816093368,0.1111206596046264,1.0022369808045557,0.9976852762657034,0.0010667323369582,0.0040868075300159,-0.0038350894105523,0.4300874728887079
78,2*3*13,78,0.3076923076923077,30769229,0.3076922830769228,0.6153845661538457,6.356110719250685e-07,0.9999999085725698,0.0800723411000134,1.0024423588179128,0.9982868627933972,0.0009388521632147,0.0373719328774664,-0.0040491200241004,0.0007461183195019
79,79,79,0.9873417721518988,98734177,0.9873417798734178,1.9746835597468355,1.2869882306538778e-06,0.9999998164785036,0.1335322736065685,1.0033465518728149,0.9971595730552792,0.0013359265606994,-0.002501699816361,-0.0044367891230753,0.5043160016067262
80,2*5,10,0.4,39999999,0.39999999399999994,0.7999999879999998,9.583579228644057e-07,0.9999998646389733,0.0974633072897531,1.0028310196764494,0.9982977198778192,0.001152652864215,0.0420649235753408,-0.0041283476468993,0.0003830090219787
81,3,3,0.6666666666666666,66666666,0.6666666666666666,1.3333333333333333,7.474999029755791e-07,0.9999998958685569,0.1126496953147928,1.0024312404827367,0.9976230796429862,0.0010179812982716,0.0182256764128096,-0.004476933246416,0.3383317625752959
82,2*41,82,0.4878048780487805,48780486,0.48780486487804865,0.9756097297560973,7.424821388163188e-07,0.9999998969984465,0.0862921582437706,1.002030044309225,0.9980256166253392,0.0010140454857125,0.0428573635125011,-0.0049038035557558,0.0003482151700494
83,83,83,0.9879518072289156,98795180,0.9879518098795181,1.9759036197590363,1.266979969434034e-06,0.9999998259250689,0.1249142497271595,1.0024668238852834,0.9963192066201574,0.0013251596512324,-0.002627809925282,-0.0050859693143404,0.5077199650861008
84,2*3*7,42,0.2857142857142857,28571427,0.28571427285714274,0.5714285457142855,7.242947443363512e-07,0.9999999001390991,0.0843415821523645,1.0022304646242448,0.9979165116571308,0.0010024453096135,0.0445988086242024,-0.0051499797994523,0.000361077673382
85,5*17,85,0.7529411764705882,75294115,0.7529411475294115,1.505882295058823,7.906594976070159e-07,0.9999998912409541,0.1002426777058386,1.001958000861184,0.9976035453088108,0.0010469757553642,0.0070869068989574,-0.0045058009522578,0.4589649900855476
86,2*43,86,0.4883720930232558,48837208,0.4883720848837208,0.9767441697674416,7.52659503655595e-07,0.9999998965452321,0.0852387103561511,1.0024340842619615,0.9985445175062134,0.0010215190534732,0.0447489102541736,-0.0050326432412176,0.0004904936157801
87,3*29,87,0.6436781609195402,64367815,0.6436781564367815,1.287356312873563,7.135911417321531e-07,0.999999902651823,0.0808714776168592,1.002380547722658,0.9985243767051188,0.000994704611549,0.0198287402295667,-0.0051689439609513,0.3373626478564192
88,2*11,22,0.45454545454545453,45454544,0.4545454445454544,0.9090908890909088,7.056594002041728e-07,0.9999999045448187,0.0795201913730684,1.002075430597422,0.9983489801991792,0.0009889000186472,0.0467604725687656,-0.0051758257535229,0.0003160637443708
89,89,89,0.9887640449438202,98876404,0.9887640498876405,1.977528099775281,1.0196270080674576e-06,0.9999998608699462,0.0936108126205913,1.0026867227025111,0.9967307827958272,0.001188888030886,0.0006638650888673,-0.0059776469762495,0.5022866631941184
90,2*3*5,30,0.26666666666666666,26666665,0.2666666526666665,0.5333333053333331,6.811757850814892e-07,0.9999999074119412,0.0615526305280409,1.0019832144165538,0.9985491529867178,0.0009719729796694,0.0497122776468516,-0.0062072938866428,0.0002736250541657
91,7*13,91,0.7912087912087912,79120879,0.7912087979120879,1.5824175958241757,8.411706212908321e-07,0.9999998875764127,0.0946368055125176,1.0026962389603216,0.9979358520629672,0.0010798210249522,0.0013424742670492,-0.0067084327864339,0.5813458528409681
92,2*23,46,0.4782608695652174,47826086,0.4782608647826086,0.9565217295652172,6.702290375212083e-07,0.9999999099206679,0.0759177186685261,1.0025197909175134,0.9982965487620608,0.0008999867717188,0.0484670283969211,-0.0069369603966128,0.0002401706291131
93,3*31,93,0.6451612903225806,64516128,0.6451612864516128,1.2903225729032255,7.746705628086884e-07,0.999999896632058,0.1048584680971905,1.0018720844144866,0.9975919149125656,0.0010361544729214,0.0207400528660669,-0.0070180619123271,0.3389250178925934
94,2*47,94,0.48936170212765956,48936169,0.4893616948936169,0.9787233897872338,6.556354481902779e-07,0.9999999122787118,0.0733240857584112,1.0023495204460884,0.9984320853589504,0.0008897516165827,0.0509418919497176,-0.0073481494826772,0.000279521361137
95,5*19,95,0.7578947368421053,75789473,0.7578947275789472,1.5157894551578943,6.684919631738896e-07,0.9999999107775434,0.074746893360469,1.002660114570869,0.997622934528228,0.000963369266174,0.0076512107381902,-0.0073204973539862,0.5070429657713747
96,2*3,6,0.3333333333333333,33333332,0.33333332333333325,0.6666666466666664,7.035073582792985e-07,0.999999906252309,0.0774014134474707,1.002007354580936,0.9982540766433256,0.0009876770791494,0.0520861190852934,-0.008207457762885,0.0003067202954152
97,97,97,0.9896907216494846,98969071,0.9896907198969072,1.9793814397938143,1.3326916690203916e-06,0.9999997983745282,0.1120432884874308,1.0032965750478595,0.9967648915666908,0.001359168774742,0.0007436186336467,-0.0080930173574327,0.5040066603182152
98,2*7,14,0.42857142857142855,42857142,0.42857142428571426,0.8571428485714285,6.196939104752719e-07,0.9999999173732455,0.067530932722088,1.0019592249863467,0.9987446723581932,0.000925375137029,0.0539553792539372,-0.0082549214776627,0.0002746109771342
99,3*11,33,0.6060606060606061,60606059,0.6060605960606059,1.212121192121212,7.695923617267343e-07,0.9999998977828838,0.1041969118197897,1.0031427836000235,0.9977587250986726,0.0010329693076409,0.0253943589484316,-0.0089340498168124,0.4294032807411075
100,2*5,10,0.4,39999999,0.39999999399999994,0.7999999879999998,6.407561385524893e-07,0.9999999157332902,0.0656513644530672,1.0020245414705047,0.9986393531558652,0.0009415700430042,0.0552024688371248,-0.0089092079992418,0.0002617665117986