panel,sample_min_p,sample_intervals,wheel_through_q,model_valid_all_intervals,invalid_interval_count,dispersion_ratio_R,fraction_initial_dispersion_deficit_explained,surviving_candidates_total,actual_primes_total,prime_fraction_among_survivors,composite_candidates_eliminated_fraction,max_conditional_probability_mu_over_C,median_conditional_probability_mu_over_C
p>=59,59,984,0,True,0,0.25767534121463864,0.0,62832864,3719786,0.05920128040001487,0.0,0.12260973398958032,0.060975044215588345
p>=59,59,984,2,True,0,0.2763087115183914,0.025101375905041176,31415940,3719786,0.11840441508355312,0.5314716313706418,0.24624980187823275,0.12195288276190246
p>=59,59,984,3,True,0,0.29796414438674845,0.05427383112671066,20943632,3719786,0.17760940413773504,0.7086288418275225,0.3709332458672114,0.18293351583103246
p>=59,59,984,5,True,0,0.3166936891647239,0.07950476553837618,16754709,3719786,0.22201436026134502,0.7794917226269287,0.4651385146588841,0.22866885790269698
p>=59,59,984,7,True,0,0.3343197623995745,0.1032491919510613,14361039,3719786,0.2590192812650951,0.819984792536095,0.5426616004353648,0.2667803308037948
p>=59,59,984,11,True,0,0.3479749294755649,0.12164433336847542,13055400,3719786,0.28492317355270613,0.8420719354184196,0.598035233132851,0.29346424038352736
p>=59,59,984,13,True,0,0.3617097254779598,0.14014674446292655,12051062,3719786,0.3086687297766786,0.8590620505330478,0.6659937823524932,0.3178801578765904
p>=59,59,984,17,True,0,0.37360796616330855,0.15617509613430627,11342120,3719786,0.32796214464315315,0.8710550311726282,0.6814820098490627,0.33773519597601953
p>=59,59,984,19,True,0,0.3858385010632014,0.17265108781145896,10745116,3719786,0.3461838848459151,0.8811543868515864,0.7162853279818238,0.3564921219076227
p>=59,59,984,23,True,0,0.3971937822910285,0.1879480082268569,10277897,3719786,0.36192092604158227,0.8890582046835728,0.7651229639805844,0.372772298426327
p>=59,59,984,29,True,0,0.4071792641412747,0.20139964523240256,9923454,3719786,0.3748479108181486,0.8950542213349134,0.8015573908368028,0.3859831607726312
p>=59,59,984,31,True,0,0.41765647160282765,0.2155136953822338,9603318,3719786,0.38734383262118366,0.9004698757185339,0.8416352603786429,0.3988974622629924
p>=59,59,984,37,True,0,0.427769741534963,0.22913747820076946,9343759,3719786,0.3981038038331254,0.904860765328444,0.8859318530301504,0.40980038842354616
p>=59,59,984,41,True,0,0.43764622136351317,0.24244227646075275,9115863,3719786,0.4080563738178163,0.9087160205056485,0.9098759571661004,0.42027130552081216
p>=59,59,984,43,True,0,0.447304953615775,0.2554537427214399,8903869,3719786,0.41777186973438174,0.9123022658370116,0.9098759571661004,0.4301780745338905
p>=59,59,984,47,True,0,0.4628661580463186,0.2764165441673811,8714405,3719786,0.42685484551154096,0.91550737723385,0.9618688690041632,0.4394811590784503
p>=59,59,984,53,True,0,0.5033632870787872,0.33097101511642996,8549926,3719786,0.43506645554593104,0.918289824123183,0.9901591298572269,0.4479213445716939
p>=257,257,946,0,True,0,0.26107019757252037,0.0,62770334,3713678,0.059162947898285835,0.0,0.08993128605311812,0.06065615333256902
p>=257,257,946,2,True,0,0.27955357785927776,0.025013716087830134,31384694,3713678,0.1183276790909607,0.5314496642004247,0.17992025734424336,0.12131563498793549
p>=257,257,946,3,True,0,0.30090563456718367,0.053909636427978344,20922814,3713678,0.17749419365865413,0.708599552267233,0.2699669693933353,0.18197844525108336
p>=257,257,946,5,True,0,0.31923922709093167,0.07872064345939024,16738062,3713678,0.22187024997278657,0.7794595074939563,0.3375399292414866,0.22747773751875539
p>=257,257,946,7,True,0,0.33635850375057075,0.10188830648150689,14346775,3713678,0.2588510658318681,0.81995091289964,0.3939546084265104,0.265382497324145
p>=257,257,946,11,True,0,0.34950595589262284,0.11968086552955316,13042436,3713678,0.2847380658030448,0.8420371448054899,0.4342038408663706,0.2919565022195009
p>=257,257,946,13,True,0,0.3625360588049156,0.13731461486472296,12039098,3713678,0.30846812610047697,0.8590265591739566,0.470630337583348,0.3163042878233495
p>=257,257,946,17,True,0,0.37387010983590074,0.1526530827323761,11330860,3713678,0.3277489969869895,0.8710190770029377,0.5008851449994204,0.3360578357822966
p>=257,257,946,19,True,0,0.3852691487752931,0.16807949929041052,10734447,3713678,0.3459589487935429,0.8811180741422271,0.5292371343390102,0.35471465311707956
p>=257,257,946,23,True,0,0.3957402232612603,0.1822500936439856,10267687,3713678,0.36168593764106755,0.8890216709865861,0.553245919525987,0.37087353072299706
p>=257,257,946,29,True,0,0.40477152074457196,0.1944722255077197,9913589,3713678,0.3746047975158139,0.8950175743103368,0.5736107999993362,0.38413654017369797
p>=257,257,946,31,True,0,0.4139311811672539,0.2068680720314237,9593763,3713678,0.387092947782846,0.9004331535466552,0.5917630405056443,0.3968875736947455
p>=257,257,946,37,True,0,0.4221447400197274,0.21798355123593122,9334462,3713678,0.3978459604849214,0.9048238694720541,0.6045165543096452,0.40800839515853937
p>=257,257,946,41,True,0,0.4300203096878505,0.2286416267963577,9106797,3713678,0.4077918943400188,0.9086788964143178,0.6186063031227537,0.4182389620520065
p>=257,257,946,43,True,0,0.4380595233408433,0.23952116315635152,8895023,3713678,0.41750066301121425,0.9122648427638707,0.633173095258861,0.4280903640332172
p>=257,257,946,47,True,0,0.4458405180812571,0.2500512496609859,8705760,3713678,0.4265771167594788,0.9154696127731987,0.6492955583325819,0.4374164724003834
p>=257,257,946,53,True,0,0.4531646006647142,0.2599629930490541,8541466,3713678,0.43478227273866105,0.9182515853928471,0.6646817090039702,0.4458344784299063
p>=257,257,946,71,True,0,0.4799693191352317,0.2962380470290947,8020604,3713678,0.4630172490750073,0.9270712855804094,0.7119179725880086,0.4744012700712745
p>=257,257,946,97,True,0,0.5115188118899979,0.33893424449077786,7549723,3713678,0.4918959278373524,0.9350446628742406,0.7684813183552751,0.5043520370468596
p>=257,257,946,127,True,0,0.5470352089310516,0.38699888733557547,7144512,3713678,0.5197944940116274,0.9419060571258894,0.8298688792889805,0.533091605537368
p>=257,257,946,173,True,0,0.5989585738804024,0.4572672196978322,6733325,3713678,0.5515370192289842,0.9488686423423636,0.9184794401084607,0.5654425203546906
p>=257,257,946,251,False,2,,,6314638,3713678,0.5881062382356677,0.9559582242516407,1.0259610767168976,0.6013089709886366
p>=1009,1009,832,0,True,0,0.2734366380312015,0.0,61818416,3640443,0.058889296031137385,0.0,0.07226652605681563,0.05981839465863226
p>=1009,1009,832,2,True,0,0.29226447224283914,0.025913547526837968,30908792,3640443,0.11778017723889048,0.5312942752405623,0.14455092659447638,0.11964100162390043
p>=1009,1009,832,3,True,0,0.313899153167796,0.055690277344774934,20605584,3640443,0.17667264368726457,0.7083923669874164,0.21685320824544266,0.17946737993741863
p>=1009,1009,832,5,True,0,0.3323710405282278,0.08111392010922397,16484301,3640443,0.22084303119677323,0.7792316002484307,0.27106651030680334,0.2243385059864465
p>=1009,1009,832,7,True,0,0.34952774775004847,0.10472742461532848,14129282,3640443,0.25765237044600003,0.819711164567387,0.3162442620246039,0.26173083023230104
p>=1009,1009,832,11,True,0,0.36264142116067255,0.12277633004745683,12844726,3640443,0.2834192804112754,0.8417909300483879,0.34807587624864084,0.28787178135012526
p>=1009,1009,832,13,True,0,0.37556959591241,0.1405699258003523,11856607,3640443,0.3070391892048037,0.8587753478451372,0.3768016739016557,0.3118419006787273
p>=1009,1009,832,17,True,0,0.38678613095564296,0.15600771915789105,11159110,3640443,0.3262305864894243,0.8707643698758635,0.4005616149564551,0.33133908421434666
p>=1009,1009,832,19,True,0,0.39801970441055917,0.17146896320476418,10571743,3640443,0.3443559874658323,0.8808604074260201,0.4228794473382547,0.349780145920354
p>=1009,1009,832,23,True,0,0.40827545558534967,0.18558438893583884,10112066,3640443,0.36000981401822335,0.8887616280477837,0.4426026892759326,0.3656711039686873
p>=1009,1009,832,29,True,0,0.4171001020426838,0.19773012448933772,9763350,3640443,0.37286822658206453,0.8947555804324774,0.45823674476329973,0.37873090765467654
p>=1009,1009,832,31,True,0,0.4259932841938796,0.20997018862785635,9448387,3640443,0.38529782914268856,0.90016936478691,0.4743152270356962,0.3913350115152448
p>=1009,1009,832,37,True,0,0.43397633658326495,0.22095760253729618,9193022,3640443,0.3960006839970578,0.9045587408141565,0.4883343963076872,0.40221040837374794
p>=1009,1009,832,41,True,0,0.441631881286582,0.23149425371465873,8968798,3640443,0.405900879917242,0.9084128455283239,0.5006660729821237,0.4122509177082645
p>=1009,1009,832,43,True,0,0.44939230750758996,0.24217525777737287,8760213,3640443,0.41556558042595537,0.9119981371643869,0.5136366966345104,0.4218813430396515
p>=1009,1009,832,47,True,0,0.4568816996679419,0.2524832261561494,8573782,3640443,0.42460176850776005,0.9152026317589305,0.5263639776130646,0.43106262238891674
p>=1009,1009,832,53,True,0,0.4639088287597349,0.26215496224913276,8411919,3640443,0.4327719988744542,0.9179848359446968,0.5377859807439087,0.43927066738484266
p>=1009,1009,832,71,True,0,0.4897579096551291,0.2977321496610468,7898665,3640443,0.46089345478001664,0.9268069721164056,0.5741228713347133,0.46806632782041546
p>=1009,1009,832,97,True,0,0.5193824064965056,0.338505602317814,7434640,3640443,0.4896596203716656,0.9347829289274138,0.6081710579782853,0.4975295916029484
p>=1009,1009,832,127,True,0,0.5514320654924321,0.38261690860372444,7035685,3640443,0.517425524309289,0.9416404211951489,0.6423232124219903,0.5255502839212194
p>=1009,1009,832,173,True,0,0.592903251577927,0.43969546259675646,6631566,3640443,0.5489567622489168,0.948586675579089,0.6771821145921769,0.5572726065965194
p>=1009,1009,832,251,True,0,0.6510712177267248,0.5197545038222563,6221041,3640443,0.5851822870159512,0.9556430403651224,0.7287965926587293,0.59278645833076
p>=1009,1009,832,313,True,0,0.6945023850802385,0.5795306632418925,5996241,3640443,0.607120861219554,0.9595070457336147,0.7668438579876568,0.6144881601467514
p>=1009,1009,832,397,True,0,0.7458796142563091,0.6502433248834754,5792355,3640443,0.6284910023643233,0.9630115679692037,0.8066680094085661,0.6366453827562155
p>=1009,1009,832,499,True,0,0.8177657591700632,0.7491832779234432,5576718,3640443,0.6527930944329622,0.9667180738662036,0.8559122774247867,0.6616244455405249
p>=1009,1009,832,631,True,0,0.9144809739127294,0.8822965338418163,5372817,3640443,0.6775669076389537,0.9702228539313325,0.8976640958357519,0.6872951254360959
p>=1009,1009,832,797,True,0,1.0746769400863658,1.1027810429141522,5171985,3640443,0.7038773314307756,0.973674882072636,0.9590678287756568,0.7142768574832956
p>=1009,1009,832,997,False,3,,,4975376,3640443,0.7316920369435396,0.9770543226041924,1.0168905129825223,0.7432775843035679
p>=4001,4001,450,0,True,0,0.3018468520575481,0.0,46828878,2688678,0.05741495664277927,0.0,0.06027747502246993,0.05758593714112427
p>=4001,4001,450,2,True,0,0.3215014271794824,0.028152240206692318,23414214,2688678,0.1148310167490568,0.5304612122283089,0.1205624819048702,0.11517299319681737
p>=4001,4001,450,3,True,0,0.3438968416053327,0.06023032291942161,15609326,2688678,0.17224818035064424,0.7072816163044118,0.18085502205898335,0.17276116820640794
p>=4001,4001,450,5,True,0,0.3628566765809334,0.0873874517406234,12487371,2688678,0.21531177379129682,0.7780097734038359,0.2260687775737292,0.2159526040215028
p>=4001,4001,450,7,True,0,0.38033238210341364,0.11241878701997209,10703397,2688678,0.2511985680807691,0.8184258567020539,0.26376750756825484,0.2519451225324166
p>=4001,4001,450,11,True,0,0.39360292776383726,0.13142685953176073,9730320,2688678,0.27631958661174555,0.8404709992251961,0.29009667549148416,0.2771303258518496
p>=4001,4001,450,13,True,0,0.4066105480924655,0.1500583308170559,8981799,2688678,0.2993473801851945,0.8574288063941713,0.3142871474542919,0.30020498032842896
p>=4001,4001,450,17,True,0,0.41783297771442685,0.1661327833279918,8453432,2688678,0.31805756525870205,0.8693990058948532,0.3340933319545278,0.3189807235981666
p>=4001,4001,450,19,True,0,0.4290139064851922,0.18214779207459278,8008490,2688678,0.33572845817376307,0.8794792048971233,0.3525866675196179,0.33668393417021936
p>=4001,4001,450,23,True,0,0.43917504367018406,0.19670210184879927,7660273,2688678,0.3509898407014998,0.8873680907653341,0.3688681788171146,0.3520374642458626
p>=4001,4001,450,29,True,0,0.4478701299490362,0.20915651289668707,7396101,2688678,0.36352640397961034,0.8933529299821931,0.3818373391732075,0.36458351665710265
p>=4001,4001,450,31,True,0,0.4566108402222179,0.22167627349497657,7157505,2688678,0.37564458564821124,0.8987583427351937,0.3945132998205902,0.37669731460891487
p>=4001,4001,450,37,True,0,0.46441504971702635,0.23285463674924034,6964065,2688678,0.3860788203441524,0.9031407424524583,0.4054919247212051,0.38719010154691114
p>=4001,4001,450,41,True,0,0.47185832325902594,0.24351601321647517,6794237,2688678,0.39572920402982703,0.9069882102935646,0.41560452252849905,0.3967927658364575
p>=4001,4001,450,43,True,0,0.47938703547180495,0.2542997678052314,6636279,2688678,0.4051484273039153,0.910566762271127,0.4256050784855775,0.40614564792839897
p>=4001,4001,450,47,True,0,0.48663276208648687,0.2646781878353294,6495132,2688678,0.4139527880264789,0.9137644596082483,0.4349795013457068,0.41507437274681225
p>=4001,4001,450,53,True,0,0.49339454794927534,0.2743634350947829,6372612,2688678,0.4219114548320218,0.9165401606698655,0.44348375920002947,0.42289783089029565
p>=4001,4001,450,71,True,0,0.5181166105380851,0.3097740934319528,5984139,2688678,0.44930072647042457,0.9253410496554162,0.4724191622978511,0.4504673681737777
p>=4001,4001,450,97,True,0,0.5461958159670286,0.34999335694411565,5632144,2688678,0.47738090503367814,0.9333155264362192,0.5020730021584978,0.4785461837317415
p>=4001,4001,450,127,True,0,0.5764920748126343,0.3933882179927161,5328115,2688678,0.5046208649775765,0.9402033293913484,0.5302732770178551,0.5056544533202338
p>=4001,4001,450,173,True,0,0.615295395559924,0.44896817328139177,5018899,2688678,0.5357107206182073,0.9472086442743802,0.5636296553868195,0.536859255400896
p>=4001,4001,450,251,True,0,0.6668311316396729,0.5227854098456491,4706394,2688678,0.5712819623686415,0.9542884717332499,0.6010118342957137,0.5721570947710062
p>=4001,4001,450,313,True,0,0.7016754420503571,0.5726946747589063,4539202,2688678,0.5923239371149378,0.9580762207692761,0.6230253670587372,0.5935449572464935
p>=4001,4001,450,397,True,0,0.7386010434918991,0.6255850778894609,4390253,2688678,0.6124198309300171,0.9614506730825868,0.6452307890372599,0.6132165804969163
p>=4001,4001,450,499,True,0,0.7855352655065563,0.6928113335512428,4233426,2688678,0.6351068850618861,0.9650036021585765,0.6703585887423414,0.6362226396448916
p>=4001,4001,450,631,True,0,0.8401550470800768,0.7710460041740026,4085256,2688678,0.6581418643042198,0.9683604061603708,0.7001432920069773,0.6591066034461925
p>=4001,4001,450,797,True,0,0.9063994817487515,0.8659312522945698,3939472,2688678,0.682497045289318,0.9716631551284317,0.7305257606585025,0.6836754081755541
p>=4001,4001,450,997,True,0,0.9894240625461599,0.984851550859566,3796899,2688678,0.708124709137641,0.9748931586173148,0.7575500978247327,0.7092327616369378
p>=4001,4001,450,1259,True,0,1.1031568685864048,1.1477567907420048,3648505,2688678,0.7369259463807779,0.9782550373582358,0.7920406888249564,0.7381240229535924
p>=4001,4001,450,1583,True,0,1.2584623824732237,1.3702087188676955,3503127,2688678,0.7675080007090808,0.9815485883616295,0.8266246572582379,0.7691363188201781
p>=4001,4001,450,1999,True,0,1.4779477189627521,1.6845886470201075,3363394,2688678,0.7993943023029714,0.9847142514080136,0.8655290001592306,0.8008431415087753
p>=4001,4001,450,2503,True,0,1.8398318295791949,2.202933528344445,3224032,2688678,0.8339489186211552,0.987871509417719,0.9125686197331019,0.8359458159802611
p>=4001,4001,450,3163,True,0,2.5923700308108315,3.2808319857953134,3085532,2688678,0.8713823094364278,0.9910092387438209,0.9638578692867407,0.8735953886170494
p>=4001,4001,450,3989,False,11,,,2939345,2688678,0.914720116216368,0.9943211177112926,1.0185879691200572,0.9172150415313138
