الترتيب,p,p^2,p^2 + 1
1,2,4,5
2,3,9,10
3,5,25,26
4,7,49,50
5,11,121,122
6,13,169,170
7,17,289,290
8,19,361,362
9,23,529,530
10,29,841,842
11,31,961,962
12,37,1369,1370
13,41,1681,1682
14,43,1849,1850
15,47,2209,2210
16,53,2809,2810
17,59,3481,3482
18,61,3721,3722
19,67,4489,4490
20,71,5041,5042
21,73,5329,5330
22,79,6241,6242
23,83,6889,6890
24,89,7921,7922
25,97,9409,9410
26,101,10201,10202
27,103,10609,10610
28,107,11449,11450
29,109,11881,11882
30,113,12769,12770
31,127,16129,16130
32,131,17161,17162
33,137,18769,18770
34,139,19321,19322
35,149,22201,22202
36,151,22801,22802
37,157,24649,24650
38,163,26569,26570
39,167,27889,27890
40,173,29929,29930
41,179,32041,32042
42,181,32761,32762
43,191,36481,36482
44,193,37249,37250
45,197,38809,38810
46,199,39601,39602
47,211,44521,44522
48,223,49729,49730
49,227,51529,51530
50,229,52441,52442
51,233,54289,54290
52,239,57121,57122
53,241,58081,58082
54,251,63001,63002
55,257,66049,66050
56,263,69169,69170
57,269,72361,72362
58,271,73441,73442
59,277,76729,76730
60,281,78961,78962
61,283,80089,80090
62,293,85849,85850
63,307,94249,94250
64,311,96721,96722
65,313,97969,97970
66,317,100489,100490
67,331,109561,109562
68,337,113569,113570
69,347,120409,120410
70,349,121801,121802
71,353,124609,124610
72,359,128881,128882
73,367,134689,134690
74,373,139129,139130
75,379,143641,143642
76,383,146689,146690
77,389,151321,151322
78,397,157609,157610
79,401,160801,160802
80,409,167281,167282
81,419,175561,175562
82,421,177241,177242
83,431,185761,185762
84,433,187489,187490
85,439,192721,192722
86,443,196249,196250
87,449,201601,201602
88,457,208849,208850
89,461,212521,212522
90,463,214369,214370
91,467,218089,218090
92,479,229441,229442
93,487,237169,237170
94,491,241081,241082
95,499,249001,249002
96,503,253009,253010
97,509,259081,259082
98,521,271441,271442
99,523,273529,273530
100,541,292681,292682
101,547,299209,299210
102,557,310249,310250
103,563,316969,316970
104,569,323761,323762
105,571,326041,326042
106,577,332929,332930
107,587,344569,344570
108,593,351649,351650
109,599,358801,358802
110,601,361201,361202
111,607,368449,368450
112,613,375769,375770
113,617,380689,380690
114,619,383161,383162
115,631,398161,398162
116,641,410881,410882
117,643,413449,413450
118,647,418609,418610
119,653,426409,426410
120,659,434281,434282
121,661,436921,436922
122,673,452929,452930
123,677,458329,458330
124,683,466489,466490
125,691,477481,477482
126,701,491401,491402
127,709,502681,502682
128,719,516961,516962
129,727,528529,528530
130,733,537289,537290
131,739,546121,546122
132,743,552049,552050
133,751,564001,564002
134,757,573049,573050
135,761,579121,579122
136,769,591361,591362
137,773,597529,597530
138,787,619369,619370
139,797,635209,635210
140,809,654481,654482
141,811,657721,657722
142,821,674041,674042
143,823,677329,677330
144,827,683929,683930
145,829,687241,687242
146,839,703921,703922
147,853,727609,727610
148,857,734449,734450
149,859,737881,737882
150,863,744769,744770
151,877,769129,769130
152,881,776161,776162
153,883,779689,779690
154,887,786769,786770
155,907,822649,822650
156,911,829921,829922
157,919,844561,844562
158,929,863041,863042
159,937,877969,877970
160,941,885481,885482
161,947,896809,896810
162,953,908209,908210
163,967,935089,935090
164,971,942841,942842
165,977,954529,954530
166,983,966289,966290
167,991,982081,982082
168,997,994009,994010
169,1009,1018081,1018082
170,1013,1026169,1026170
171,1019,1038361,1038362
172,1021,1042441,1042442
173,1031,1062961,1062962
174,1033,1067089,1067090
175,1039,1079521,1079522
176,1049,1100401,1100402
177,1051,1104601,1104602
178,1061,1125721,1125722
179,1063,1129969,1129970
180,1069,1142761,1142762
181,1087,1181569,1181570
182,1091,1190281,1190282
183,1093,1194649,1194650
184,1097,1203409,1203410
185,1103,1216609,1216610
186,1109,1229881,1229882
187,1117,1247689,1247690
188,1123,1261129,1261130
189,1129,1274641,1274642
190,1151,1324801,1324802
191,1153,1329409,1329410
192,1163,1352569,1352570
193,1171,1371241,1371242
194,1181,1394761,1394762
195,1187,1408969,1408970
196,1193,1423249,1423250
197,1201,1442401,1442402
198,1213,1471369,1471370
199,1217,1481089,1481090
200,1223,1495729,1495730
201,1229,1510441,1510442
202,1231,1515361,1515362
203,1237,1530169,1530170
204,1249,1560001,1560002
205,1259,1585081,1585082
206,1277,1630729,1630730
207,1279,1635841,1635842
208,1283,1646089,1646090
209,1289,1661521,1661522
210,1291,1666681,1666682
211,1297,1682209,1682210
212,1301,1692601,1692602
213,1303,1697809,1697810
214,1307,1708249,1708250
215,1319,1739761,1739762
216,1321,1745041,1745042
217,1327,1760929,1760930
218,1361,1852321,1852322
219,1367,1868689,1868690
220,1373,1885129,1885130
221,1381,1907161,1907162
222,1399,1957201,1957202
223,1409,1985281,1985282
224,1423,2024929,2024930
225,1427,2036329,2036330
226,1429,2042041,2042042
227,1433,2053489,2053490
228,1439,2070721,2070722
229,1447,2093809,2093810
230,1451,2105401,2105402
231,1453,2111209,2111210
232,1459,2128681,2128682
233,1471,2163841,2163842
234,1481,2193361,2193362
235,1483,2199289,2199290
236,1487,2211169,2211170
237,1489,2217121,2217122
238,1493,2229049,2229050
239,1499,2247001,2247002
240,1511,2283121,2283122
241,1523,2319529,2319530
242,1531,2343961,2343962
243,1543,2380849,2380850
244,1549,2399401,2399402
245,1553,2411809,2411810
246,1559,2430481,2430482
247,1567,2455489,2455490
248,1571,2468041,2468042
249,1579,2493241,2493242
250,1583,2505889,2505890
251,1597,2550409,2550410
252,1601,2563201,2563202
253,1607,2582449,2582450
254,1609,2588881,2588882
255,1613,2601769,2601770
256,1619,2621161,2621162
257,1621,2627641,2627642
258,1627,2647129,2647130
259,1637,2679769,2679770
260,1657,2745649,2745650
261,1663,2765569,2765570
262,1667,2778889,2778890
263,1669,2785561,2785562
264,1693,2866249,2866250
265,1697,2879809,2879810
266,1699,2886601,2886602
267,1709,2920681,2920682
268,1721,2961841,2961842
269,1723,2968729,2968730
270,1733,3003289,3003290
271,1741,3031081,3031082
272,1747,3052009,3052010
273,1753,3073009,3073010
274,1759,3094081,3094082
275,1777,3157729,3157730
276,1783,3179089,3179090
277,1787,3193369,3193370
278,1789,3200521,3200522
279,1801,3243601,3243602
280,1811,3279721,3279722
281,1823,3323329,3323330
282,1831,3352561,3352562
283,1847,3411409,3411410
284,1861,3463321,3463322
285,1867,3485689,3485690
286,1871,3500641,3500642
287,1873,3508129,3508130
288,1877,3523129,3523130
289,1879,3530641,3530642
290,1889,3568321,3568322
291,1901,3613801,3613802
292,1907,3636649,3636650
293,1913,3659569,3659570
294,1931,3728761,3728762
295,1933,3736489,3736490
296,1949,3798601,3798602
297,1951,3806401,3806402
298,1973,3892729,3892730
299,1979,3916441,3916442
300,1987,3948169,3948170
301,1993,3972049,3972050
302,1997,3988009,3988010
303,1999,3996001,3996002
304,2003,4012009,4012010
305,2011,4044121,4044122
306,2017,4068289,4068290
307,2027,4108729,4108730
308,2029,4116841,4116842
309,2039,4157521,4157522
310,2053,4214809,4214810
311,2063,4255969,4255970
312,2069,4280761,4280762
313,2081,4330561,4330562
314,2083,4338889,4338890
315,2087,4355569,4355570
316,2089,4363921,4363922
317,2099,4405801,4405802
318,2111,4456321,4456322
319,2113,4464769,4464770
320,2129,4532641,4532642
321,2131,4541161,4541162
322,2137,4566769,4566770
323,2141,4583881,4583882
324,2143,4592449,4592450
325,2153,4635409,4635410
326,2161,4669921,4669922
327,2179,4748041,4748042
328,2203,4853209,4853210
329,2207,4870849,4870850
330,2213,4897369,4897370
331,2221,4932841,4932842
332,2237,5004169,5004170
333,2239,5013121,5013122
334,2243,5031049,5031050
335,2251,5067001,5067002
336,2267,5139289,5139290
337,2269,5148361,5148362
338,2273,5166529,5166530
339,2281,5202961,5202962
340,2287,5230369,5230370
341,2293,5257849,5257850
342,2297,5276209,5276210
343,2309,5331481,5331482
344,2311,5340721,5340722
345,2333,5442889,5442890
346,2339,5470921,5470922
347,2341,5480281,5480282
348,2347,5508409,5508410
349,2351,5527201,5527202
350,2357,5555449,5555450
351,2371,5621641,5621642
352,2377,5650129,5650130
353,2381,5669161,5669162
354,2383,5678689,5678690
355,2389,5707321,5707322
356,2393,5726449,5726450
357,2399,5755201,5755202
358,2411,5812921,5812922
359,2417,5841889,5841890
360,2423,5870929,5870930
361,2437,5938969,5938970
362,2441,5958481,5958482
363,2447,5987809,5987810
364,2459,6046681,6046682
365,2467,6086089,6086090
366,2473,6115729,6115730
367,2477,6135529,6135530
368,2503,6265009,6265010
369,2521,6355441,6355442
370,2531,6405961,6405962
371,2539,6446521,6446522
372,2543,6466849,6466850
373,2549,6497401,6497402
374,2551,6507601,6507602
375,2557,6538249,6538250
376,2579,6651241,6651242
377,2591,6713281,6713282
378,2593,6723649,6723650
379,2609,6806881,6806882
380,2617,6848689,6848690
381,2621,6869641,6869642
382,2633,6932689,6932690
383,2647,7006609,7006610
384,2657,7059649,7059650
385,2659,7070281,7070282
386,2663,7091569,7091570
387,2671,7134241,7134242
388,2677,7166329,7166330
389,2683,7198489,7198490
390,2687,7219969,7219970
391,2689,7230721,7230722
392,2693,7252249,7252250
393,2699,7284601,7284602
394,2707,7327849,7327850
395,2711,7349521,7349522
396,2713,7360369,7360370
397,2719,7392961,7392962
398,2729,7447441,7447442
399,2731,7458361,7458362
400,2741,7513081,7513082
401,2749,7557001,7557002
402,2753,7579009,7579010
403,2767,7656289,7656290
404,2777,7711729,7711730
405,2789,7778521,7778522
406,2791,7789681,7789682
407,2797,7823209,7823210
408,2801,7845601,7845602
409,2803,7856809,7856810
410,2819,7946761,7946762
411,2833,8025889,8025890
412,2837,8048569,8048570
413,2843,8082649,8082650
414,2851,8128201,8128202
415,2857,8162449,8162450
416,2861,8185321,8185322
417,2879,8288641,8288642
418,2887,8334769,8334770
419,2897,8392609,8392610
420,2903,8427409,8427410
421,2909,8462281,8462282
422,2917,8508889,8508890
423,2927,8567329,8567330
424,2939,8637721,8637722
425,2953,8720209,8720210
426,2957,8743849,8743850
427,2963,8779369,8779370
428,2969,8814961,8814962
429,2971,8826841,8826842
430,2999,8994001,8994002
431,3001,9006001,9006002
432,3011,9066121,9066122
433,3019,9114361,9114362
434,3023,9138529,9138530
435,3037,9223369,9223370
436,3041,9247681,9247682
437,3049,9296401,9296402
438,3061,9369721,9369722
439,3067,9406489,9406490
440,3079,9480241,9480242
441,3083,9504889,9504890
442,3089,9541921,9541922
443,3109,9665881,9665882
444,3119,9728161,9728162
445,3121,9740641,9740642
446,3137,9840769,9840770
447,3163,10004569,10004570
448,3167,10029889,10029890
449,3169,10042561,10042562
450,3181,10118761,10118762
451,3187,10156969,10156970
452,3191,10182481,10182482
453,3203,10259209,10259210
454,3209,10297681,10297682
455,3217,10349089,10349090
456,3221,10374841,10374842
457,3229,10426441,10426442
458,3251,10569001,10569002
459,3253,10582009,10582010
460,3257,10608049,10608050
461,3259,10621081,10621082
462,3271,10699441,10699442
463,3299,10883401,10883402
464,3301,10896601,10896602
465,3307,10936249,10936250
466,3313,10975969,10975970
467,3319,11015761,11015762
468,3323,11042329,11042330
469,3329,11082241,11082242
470,3331,11095561,11095562
471,3343,11175649,11175650
472,3347,11202409,11202410
473,3359,11282881,11282882
474,3361,11296321,11296322
475,3371,11363641,11363642
476,3373,11377129,11377130
477,3389,11485321,11485322
478,3391,11498881,11498882
479,3407,11607649,11607650
480,3413,11648569,11648570
481,3433,11785489,11785490
482,3449,11895601,11895602
483,3457,11950849,11950850
484,3461,11978521,11978522
485,3463,11992369,11992370
486,3467,12020089,12020090
487,3469,12033961,12033962
488,3491,12187081,12187082
489,3499,12243001,12243002
490,3511,12327121,12327122
491,3517,12369289,12369290
492,3527,12439729,12439730
493,3529,12453841,12453842
494,3533,12482089,12482090
495,3539,12524521,12524522
496,3541,12538681,12538682
497,3547,12581209,12581210
498,3557,12652249,12652250
499,3559,12666481,12666482
500,3571,12752041,12752042
501,3581,12823561,12823562
502,3583,12837889,12837890
503,3593,12909649,12909650
504,3607,13010449,13010450
505,3613,13053769,13053770
506,3617,13082689,13082690
507,3623,13126129,13126130
508,3631,13184161,13184162
509,3637,13227769,13227770
510,3643,13271449,13271450
511,3659,13388281,13388282
512,3671,13476241,13476242
513,3673,13490929,13490930
514,3677,13520329,13520330
515,3691,13623481,13623482
516,3697,13667809,13667810
517,3701,13697401,13697402
518,3709,13756681,13756682
519,3719,13830961,13830962
520,3727,13890529,13890530
521,3733,13935289,13935290
522,3739,13980121,13980122
523,3761,14145121,14145122
524,3767,14190289,14190290
525,3769,14205361,14205362
526,3779,14280841,14280842
527,3793,14386849,14386850
528,3797,14417209,14417210
529,3803,14462809,14462810
530,3821,14600041,14600042
531,3823,14615329,14615330
532,3833,14691889,14691890
533,3847,14799409,14799410
534,3851,14830201,14830202
535,3853,14845609,14845610
536,3863,14922769,14922770
537,3877,15031129,15031130
538,3881,15062161,15062162
539,3889,15124321,15124322
540,3907,15264649,15264650
541,3911,15295921,15295922
542,3917,15342889,15342890
543,3919,15358561,15358562
544,3923,15389929,15389930
545,3929,15437041,15437042
546,3931,15452761,15452762
547,3943,15547249,15547250
548,3947,15578809,15578810
549,3967,15737089,15737090
550,3989,15912121,15912122
551,4001,16008001,16008002
552,4003,16024009,16024010
553,4007,16056049,16056050
554,4013,16104169,16104170
555,4019,16152361,16152362
556,4021,16168441,16168442
557,4027,16216729,16216730
558,4049,16394401,16394402
559,4051,16410601,16410602
560,4057,16459249,16459250
561,4073,16589329,16589330
562,4079,16638241,16638242
563,4091,16736281,16736282
564,4093,16752649,16752650
565,4099,16801801,16801802
566,4111,16900321,16900322
567,4127,17032129,17032130
568,4129,17048641,17048642
569,4133,17081689,17081690
570,4139,17131321,17131322
571,4153,17247409,17247410
572,4157,17280649,17280650
573,4159,17297281,17297282
574,4177,17447329,17447330
575,4201,17648401,17648402
576,4211,17732521,17732522
577,4217,17783089,17783090
578,4219,17799961,17799962
579,4229,17884441,17884442
580,4231,17901361,17901362
581,4241,17986081,17986082
582,4243,18003049,18003050
583,4253,18088009,18088010
584,4259,18139081,18139082
585,4261,18156121,18156122
586,4271,18241441,18241442
587,4273,18258529,18258530
588,4283,18344089,18344090
589,4289,18395521,18395522
590,4297,18464209,18464210
591,4327,18722929,18722930
592,4337,18809569,18809570
593,4339,18826921,18826922
594,4349,18913801,18913802
595,4357,18983449,18983450
596,4363,19035769,19035770
597,4373,19123129,19123130
598,4391,19280881,19280882
599,4397,19333609,19333610
600,4409,19439281,19439282
601,4421,19545241,19545242
602,4423,19562929,19562930
603,4441,19722481,19722482
604,4447,19775809,19775810
605,4451,19811401,19811402
606,4457,19864849,19864850
607,4463,19918369,19918370
608,4481,20079361,20079362
609,4483,20097289,20097290
610,4493,20187049,20187050
611,4507,20313049,20313050
612,4513,20367169,20367170
613,4517,20403289,20403290
614,4519,20421361,20421362
615,4523,20457529,20457530
616,4547,20675209,20675210
617,4549,20693401,20693402
618,4561,20802721,20802722
619,4567,20857489,20857490
620,4583,21003889,21003890
621,4591,21077281,21077282
622,4597,21132409,21132410
623,4603,21187609,21187610
624,4621,21353641,21353642
625,4637,21501769,21501770
626,4639,21520321,21520322
627,4643,21557449,21557450
628,4649,21613201,21613202
629,4651,21631801,21631802
630,4657,21687649,21687650
631,4663,21743569,21743570
632,4673,21836929,21836930
633,4679,21893041,21893042
634,4691,22005481,22005482
635,4703,22118209,22118210
636,4721,22287841,22287842
637,4723,22306729,22306730
638,4729,22363441,22363442
639,4733,22401289,22401290
640,4751,22572001,22572002
641,4759,22648081,22648082
642,4783,22877089,22877090
643,4787,22915369,22915370
644,4789,22934521,22934522
645,4793,22972849,22972850
646,4799,23030401,23030402
647,4801,23049601,23049602
648,4813,23164969,23164970
649,4817,23203489,23203490
650,4831,23338561,23338562
651,4861,23629321,23629322
652,4871,23726641,23726642
653,4877,23785129,23785130
654,4889,23902321,23902322
655,4903,24039409,24039410
656,4909,24098281,24098282
657,4919,24196561,24196562
658,4931,24314761,24314762
659,4933,24334489,24334490
660,4937,24373969,24373970
661,4943,24433249,24433250
662,4951,24512401,24512402
663,4957,24571849,24571850
664,4967,24671089,24671090
665,4969,24690961,24690962
666,4973,24730729,24730730
667,4987,24870169,24870170
668,4993,24930049,24930050
669,4999,24990001,24990002
670,5003,25030009,25030010
671,5009,25090081,25090082
672,5011,25110121,25110122
673,5021,25210441,25210442
674,5023,25230529,25230530
675,5039,25391521,25391522
676,5051,25512601,25512602
677,5059,25593481,25593482
678,5077,25775929,25775930
679,5081,25816561,25816562
680,5087,25877569,25877570
681,5099,25999801,25999802
682,5101,26020201,26020202
683,5107,26081449,26081450
684,5113,26142769,26142770
685,5119,26204161,26204162
686,5147,26491609,26491610
687,5153,26553409,26553410
688,5167,26697889,26697890
689,5171,26739241,26739242
690,5179,26822041,26822042
691,5189,26925721,26925722
692,5197,27008809,27008810
693,5209,27133681,27133682
694,5227,27321529,27321530
695,5231,27363361,27363362
696,5233,27384289,27384290
697,5237,27426169,27426170
698,5261,27678121,27678122
699,5273,27804529,27804530
700,5279,27867841,27867842
701,5281,27888961,27888962
702,5297,28058209,28058210
703,5303,28121809,28121810
704,5309,28185481,28185482
705,5323,28334329,28334330
706,5333,28440889,28440890
707,5347,28590409,28590410
708,5351,28633201,28633202
709,5381,28955161,28955162
710,5387,29019769,29019770
711,5393,29084449,29084450
712,5399,29149201,29149202
713,5407,29235649,29235650
714,5413,29300569,29300570
715,5417,29343889,29343890
716,5419,29365561,29365562
717,5431,29495761,29495762
718,5437,29560969,29560970
719,5441,29604481,29604482
720,5443,29626249,29626250
721,5449,29691601,29691602
722,5471,29931841,29931842
723,5477,29997529,29997530
724,5479,30019441,30019442
725,5483,30063289,30063290
726,5501,30261001,30261002
727,5503,30283009,30283010
728,5507,30327049,30327050
729,5519,30459361,30459362
730,5521,30481441,30481442
731,5527,30547729,30547730
732,5531,30591961,30591962
733,5557,30880249,30880250
734,5563,30946969,30946970
735,5569,31013761,31013762
736,5573,31058329,31058330
737,5581,31147561,31147562
738,5591,31259281,31259282
739,5623,31618129,31618130
740,5639,31798321,31798322
741,5641,31820881,31820882
742,5647,31888609,31888610
743,5651,31933801,31933802
744,5653,31956409,31956410
745,5657,32001649,32001650
746,5659,32024281,32024282
747,5669,32137561,32137562
748,5683,32296489,32296490
749,5689,32364721,32364722
750,5693,32410249,32410250
751,5701,32501401,32501402
752,5711,32615521,32615522
753,5717,32684089,32684090
754,5737,32913169,32913170
755,5741,32959081,32959082
756,5743,32982049,32982050
757,5749,33051001,33051002
758,5779,33396841,33396842
759,5783,33443089,33443090
760,5791,33535681,33535682
761,5801,33651601,33651602
762,5807,33721249,33721250
763,5813,33790969,33790970
764,5821,33884041,33884042
765,5827,33953929,33953930
766,5839,34093921,34093922
767,5843,34140649,34140650
768,5849,34210801,34210802
769,5851,34234201,34234202
770,5857,34304449,34304450
771,5861,34351321,34351322
772,5867,34421689,34421690
773,5869,34445161,34445162
774,5879,34562641,34562642
775,5881,34586161,34586162
776,5897,34774609,34774610
777,5903,34845409,34845410
778,5923,35081929,35081930
779,5927,35129329,35129330
780,5939,35271721,35271722
781,5953,35438209,35438210
782,5981,35772361,35772362
783,5987,35844169,35844170
784,6007,36084049,36084050
785,6011,36132121,36132122
786,6029,36348841,36348842
787,6037,36445369,36445370
788,6043,36517849,36517850
789,6047,36566209,36566210
790,6053,36638809,36638810
791,6067,36808489,36808490
792,6073,36881329,36881330
793,6079,36954241,36954242
794,6089,37075921,37075922
795,6091,37100281,37100282
796,6101,37222201,37222202
797,6113,37368769,37368770
798,6121,37466641,37466642
799,6131,37589161,37589162
800,6133,37613689,37613690
801,6143,37736449,37736450
802,6151,37834801,37834802
803,6163,37982569,37982570
804,6173,38105929,38105930
805,6197,38402809,38402810
806,6199,38427601,38427602
807,6203,38477209,38477210
808,6211,38576521,38576522
809,6217,38651089,38651090
810,6221,38700841,38700842
811,6229,38800441,38800442
812,6247,39025009,39025010
813,6257,39150049,39150050
814,6263,39225169,39225170
815,6269,39300361,39300362
816,6271,39325441,39325442
817,6277,39400729,39400730
818,6287,39526369,39526370
819,6299,39677401,39677402
820,6301,39702601,39702602
821,6311,39828721,39828722
822,6317,39904489,39904490
823,6323,39980329,39980330
824,6329,40056241,40056242
825,6337,40157569,40157570
826,6343,40233649,40233650
827,6353,40360609,40360610
828,6359,40436881,40436882
829,6361,40462321,40462322
830,6367,40538689,40538690
831,6373,40615129,40615130
832,6379,40691641,40691642
833,6389,40819321,40819322
834,6397,40921609,40921610
835,6421,41229241,41229242
836,6427,41306329,41306330
837,6449,41589601,41589602
838,6451,41615401,41615402
839,6469,41847961,41847962
840,6473,41899729,41899730
841,6481,42003361,42003362
842,6491,42133081,42133082
843,6521,42523441,42523442
844,6529,42627841,42627842
845,6547,42863209,42863210
846,6551,42915601,42915602
847,6553,42941809,42941810
848,6563,43072969,43072970
849,6569,43151761,43151762
850,6571,43178041,43178042
851,6577,43256929,43256930
852,6581,43309561,43309562
853,6599,43546801,43546802
854,6607,43652449,43652450
855,6619,43811161,43811162
856,6637,44049769,44049770
857,6653,44262409,44262410
858,6659,44342281,44342282
859,6661,44368921,44368922
860,6673,44528929,44528930
861,6679,44609041,44609042
862,6689,44742721,44742722
863,6691,44769481,44769482
864,6701,44903401,44903402
865,6703,44930209,44930210
866,6709,45010681,45010682
867,6719,45144961,45144962
868,6733,45333289,45333290
869,6737,45387169,45387170
870,6761,45711121,45711122
871,6763,45738169,45738170
872,6779,45954841,45954842
873,6781,45981961,45981962
874,6791,46117681,46117682
875,6793,46144849,46144850
876,6803,46280809,46280810
877,6823,46553329,46553330
878,6827,46607929,46607930
879,6829,46635241,46635242
880,6833,46689889,46689890
881,6841,46799281,46799282
882,6857,47018449,47018450
883,6863,47100769,47100770
884,6869,47183161,47183162
885,6871,47210641,47210642
886,6883,47375689,47375690
887,6899,47596201,47596202
888,6907,47706649,47706650
889,6911,47761921,47761922
890,6917,47844889,47844890
891,6947,48260809,48260810
892,6949,48288601,48288602
893,6959,48427681,48427682
894,6961,48455521,48455522
895,6967,48539089,48539090
896,6971,48594841,48594842
897,6977,48678529,48678530
898,6983,48762289,48762290
899,6991,48874081,48874082
900,6997,48958009,48958010
901,7001,49014001,49014002
902,7013,49182169,49182170
903,7019,49266361,49266362
904,7027,49378729,49378730
905,7039,49547521,49547522
906,7043,49603849,49603850
907,7057,49801249,49801250
908,7069,49970761,49970762
909,7079,50112241,50112242
910,7103,50452609,50452610
911,7109,50537881,50537882
912,7121,50708641,50708642
913,7127,50794129,50794130
914,7129,50822641,50822642
915,7151,51136801,51136802
916,7159,51251281,51251282
917,7177,51509329,51509330
918,7187,51652969,51652970
919,7193,51739249,51739250
920,7207,51940849,51940850
921,7211,51998521,51998522
922,7213,52027369,52027370
923,7219,52113961,52113962
924,7229,52258441,52258442
925,7237,52374169,52374170
926,7243,52461049,52461050
927,7247,52519009,52519010
928,7253,52606009,52606010
929,7283,53042089,53042090
930,7297,53246209,53246210
931,7307,53392249,53392250
932,7309,53421481,53421482
933,7321,53597041,53597042
934,7331,53743561,53743562
935,7333,53772889,53772890
936,7349,54007801,54007802
937,7351,54037201,54037202
938,7369,54302161,54302162
939,7393,54656449,54656450
940,7411,54922921,54922922
941,7417,55011889,55011890
942,7433,55249489,55249490
943,7451,55517401,55517402
944,7457,55606849,55606850
945,7459,55636681,55636682
946,7477,55905529,55905530
947,7481,55965361,55965362
948,7487,56055169,56055170
949,7489,56085121,56085122
950,7499,56235001,56235002
951,7507,56355049,56355050
952,7517,56505289,56505290
953,7523,56595529,56595530
954,7529,56685841,56685842
955,7537,56806369,56806370
956,7541,56866681,56866682
957,7547,56957209,56957210
958,7549,56987401,56987402
959,7559,57138481,57138482
960,7561,57168721,57168722
961,7573,57350329,57350330
962,7577,57410929,57410930
963,7583,57501889,57501890
964,7589,57592921,57592922
965,7591,57623281,57623282
966,7603,57805609,57805610
967,7607,57866449,57866450
968,7621,58079641,58079642
969,7639,58354321,58354322
970,7643,58415449,58415450
971,7649,58507201,58507202
972,7669,58813561,58813562
973,7673,58874929,58874930
974,7681,58997761,58997762
975,7687,59089969,59089970
976,7691,59151481,59151482
977,7699,59274601,59274602
978,7703,59336209,59336210
979,7717,59552089,59552090
980,7723,59644729,59644730
981,7727,59706529,59706530
982,7741,59923081,59923082
983,7753,60109009,60109010
984,7757,60171049,60171050
985,7759,60202081,60202082
986,7789,60668521,60668522
987,7793,60730849,60730850
988,7817,61105489,61105490
989,7823,61199329,61199330
990,7829,61293241,61293242
991,7841,61481281,61481282
992,7853,61669609,61669610
993,7867,61889689,61889690
994,7873,61984129,61984130
995,7877,62047129,62047130
996,7879,62078641,62078642
997,7883,62141689,62141690
998,7901,62425801,62425802
999,7907,62520649,62520650
1000,7919,62710561,62710562
