الترتيب_n,p_n,p_n^2,p_التالي,p_التالي^2,فهرس_أول_أولي_بين_p_و_p2,فهرس_آخر_أولي_بين_p_و_p2,عدد_الأوليات_بين_p_و_p2,أول_أولي_بين_p_و_p2,آخر_أولي_بين_p_و_p2,فهرس_أول_أولي_بين_p2_ومربع_التالي,فهرس_آخر_أولي_بين_p2_ومربع_التالي,عدد_الأوليات_بين_p2_ومربع_التالي,أول_أولي_بين_p2_ومربع_التالي,آخر_أولي_بين_p2_ومربع_التالي
1,2,4,3,9,2,2,1,3,3,3,4,2,5,7
2,3,9,5,25,3,4,2,5,7,5,9,5,11,23
3,5,25,7,49,4,9,6,7,23,10,15,6,29,47
4,7,49,11,121,5,15,11,11,47,16,30,15,53,113
5,11,121,13,169,6,30,25,13,113,31,39,9,127,167
6,13,169,17,289,7,39,33,17,167,40,61,22,173,283
7,17,289,19,361,8,61,54,19,283,62,72,11,293,359
8,19,361,23,529,9,72,64,23,359,73,99,27,367,523
9,23,529,29,841,10,99,90,29,523,100,146,47,541,839
10,29,841,31,961,11,146,136,31,839,147,162,16,853,953
11,31,961,37,1369,12,162,151,37,953,163,219,57,967,1367
12,37,1369,41,1681,13,219,207,41,1367,220,263,44,1373,1669
13,41,1681,43,1849,14,263,250,43,1669,264,283,20,1693,1847
14,43,1849,47,2209,15,283,269,47,1847,284,329,46,1861,2207
15,47,2209,53,2809,16,329,314,53,2207,330,409,80,2213,2803
16,53,2809,59,3481,17,409,393,59,2803,410,487,78,2819,3469
17,59,3481,61,3721,18,487,470,61,3469,488,519,32,3491,3719
18,61,3721,67,4489,19,519,501,67,3719,520,609,90,3727,4483
19,67,4489,71,5041,20,609,590,71,4483,610,675,66,4493,5039
20,71,5041,73,5329,21,675,655,73,5039,676,705,30,5051,5323
21,73,5329,79,6241,22,705,684,79,5323,706,811,106,5333,6229
22,79,6241,83,6889,23,811,789,83,6229,812,886,75,6247,6883
23,83,6889,89,7921,24,886,863,89,6883,887,1000,114,6899,7919
24,89,7921,97,9409,25,1000,976,97,7919,1001,1163,163,7927,9403
25,97,9409,101,10201,26,1163,1138,101,9403,1164,1252,89,9413,10193
26,101,10201,103,10609,27,1252,1226,103,10193,1253,1294,42,10211,10607
27,103,10609,107,11449,28,1294,1267,107,10607,1295,1381,87,10613,11447
28,107,11449,109,11881,29,1381,1353,109,11447,1382,1423,42,11467,11867
29,109,11881,113,12769,30,1423,1394,113,11867,1424,1523,100,11887,12763
30,113,12769,127,16129,31,1523,1493,127,12763,1524,1877,354,12781,16127
31,127,16129,131,17161,32,1877,1846,131,16127,1878,1976,99,16139,17159
32,131,17161,137,18769,33,1976,1944,137,17159,1977,2141,165,17167,18757
33,137,18769,139,19321,34,2141,2108,139,18757,2142,2190,49,18773,19319
34,139,19321,149,22201,35,2190,2156,149,19319,2191,2489,299,19333,22193
35,149,22201,151,22801,36,2489,2454,151,22193,2490,2547,58,22229,22787
36,151,22801,157,24649,37,2547,2511,157,22787,2548,2729,182,22807,24631
37,157,24649,163,26569,38,2729,2692,163,24631,2730,2915,186,24659,26561
38,163,26569,167,27889,39,2915,2877,167,26561,2916,3043,128,26573,27883
39,167,27889,173,29929,40,3043,3004,173,27883,3044,3241,198,27893,29927
40,173,29929,179,32041,41,3241,3201,179,29927,3242,3436,195,29947,32029
41,179,32041,181,32761,42,3436,3395,181,32029,3437,3512,76,32051,32749
42,181,32761,191,36481,43,3512,3470,191,32749,3513,3868,356,32771,36479
43,191,36481,193,37249,44,3868,3825,193,36479,3869,3945,77,36493,37243
44,193,37249,197,38809,45,3945,3901,197,37243,3946,4089,144,37253,38803
45,197,38809,199,39601,46,4089,4044,199,38803,4090,4164,75,38821,39581
46,199,39601,211,44521,47,4164,4118,211,39581,4165,4627,463,39607,44519
47,211,44521,223,49729,48,4627,4580,223,44519,4628,5106,479,44531,49727
48,223,49729,227,51529,49,5106,5058,227,49727,5107,5274,168,49739,51521
49,227,51529,229,52441,50,5274,5225,229,51521,5275,5356,82,51539,52433
50,229,52441,233,54289,51,5356,5306,233,52433,5357,5522,166,52453,54287
51,233,54289,239,57121,52,5522,5471,239,54287,5523,5792,270,54293,57119
52,239,57121,241,58081,53,5792,5740,241,57119,5793,5882,90,57131,58073
53,241,58081,251,63001,54,5882,5829,251,58073,5883,6320,438,58099,62989
54,251,63001,257,66049,55,6320,6266,257,62989,6321,6595,275,63029,66047
55,257,66049,263,69169,56,6595,6540,263,66047,6596,6869,274,66067,69163
56,263,69169,269,72361,57,6869,6813,269,69163,6870,7161,292,69191,72353
57,269,72361,271,73441,58,7161,7104,271,72353,7162,7252,91,72367,73433
58,271,73441,277,76729,59,7252,7194,277,73433,7253,7544,292,73453,76717
59,277,76729,281,78961,60,7544,7485,281,76717,7545,7743,199,76733,78941
60,281,78961,283,80089,61,7743,7683,283,78941,7744,7842,99,78977,80077
61,283,80089,293,85849,62,7842,7781,293,80077,7843,8354,512,80107,85847
62,293,85849,307,94249,63,8354,8292,307,85847,8355,9089,735,85853,94229
63,307,94249,311,96721,64,9089,9026,311,94229,9090,9309,220,94253,96703
64,311,96721,313,97969,65,9309,9245,313,96703,9310,9416,107,96731,97967
65,313,97969,317,100489,66,9416,9351,317,97967,9417,9631,215,97973,100483
66,317,100489,331,109561,67,9631,9565,331,100483,9632,10415,784,100493,109547
67,331,109561,337,113569,68,10415,10348,337,109547,10416,10756,341,109567,113567
68,337,113569,347,120409,69,10756,10688,347,113567,10757,11335,579,113591,120401
69,347,120409,349,121801,70,11335,11266,349,120401,11336,11460,125,120413,121789
70,349,121801,353,124609,71,11460,11390,353,121789,11461,11701,241,121843,124601
71,353,124609,359,128881,72,11701,11630,359,124601,11702,12064,363,124633,128879
72,359,128881,367,134689,73,12064,11992,367,128879,12065,12553,489,128903,134683
73,367,134689,373,139129,74,12553,12480,373,134683,12554,12934,381,134699,139123
74,373,139129,379,143641,75,12934,12860,379,139123,12935,13314,380,139133,143629
75,379,143641,383,146689,76,13314,13239,383,143629,13315,13566,252,143651,146683
76,383,146689,389,151321,77,13566,13490,389,146683,13567,13960,394,146701,151303
77,389,151321,397,157609,78,13960,13883,397,151303,13961,14490,530,151337,157579
78,397,157609,401,160801,79,14490,14412,401,157579,14491,14752,262,157627,160789
79,401,160801,409,167281,80,14752,14673,409,160789,14753,15283,531,160807,167269
80,409,167281,419,175561,81,15283,15203,419,167269,15284,15953,670,167309,175543
81,419,175561,421,177241,82,15953,15872,421,175543,15954,16104,151,175573,177239
82,421,177241,431,185761,83,16104,16022,431,177239,16105,16813,709,177257,185753
83,431,185761,433,187489,84,16813,16730,433,185753,16814,16964,151,185767,187477
84,433,187489,439,192721,85,16964,16880,439,187477,16965,17388,424,187507,192697
85,439,192721,443,196249,86,17388,17303,443,192697,17389,17678,290,192737,196247
86,443,196249,449,201601,87,17678,17592,449,196247,17679,18108,430,196271,201599
87,449,201601,457,208849,88,18108,18021,457,201599,18109,18707,599,201611,208843
88,457,208849,461,212521,89,18707,18619,461,208843,18708,19012,305,208877,212507
89,461,212521,463,214369,90,19012,18923,463,212507,19013,19157,145,212557,214363
90,463,214369,467,218089,91,19157,19067,467,214363,19158,19451,294,214373,218087
91,467,218089,479,229441,92,19451,19360,479,218087,19452,20385,934,218107,229433
92,479,229441,487,237169,93,20385,20293,487,229433,20386,20997,612,229459,237163
93,487,237169,491,241081,94,20997,20904,491,237163,20998,21310,313,237173,241079
94,491,241081,499,249001,95,21310,21216,499,241079,21311,21964,654,241093,248987
95,499,249001,503,253009,96,21964,21869,503,248987,21965,22282,318,249017,253003
96,503,253009,509,259081,97,22282,22186,509,253003,22283,22765,483,253013,259033
97,509,259081,521,271441,98,22765,22668,521,259033,22766,23760,995,259099,271429
98,521,271441,523,273529,99,23760,23662,523,271429,23761,23925,165,271451,273527
99,523,273529,541,292681,100,23925,23826,541,273527,23926,25438,1513,273551,292679
100,541,292681,547,299209,101,25438,25338,547,292679,25439,25936,498,292693,299197
101,547,299209,557,310249,102,25936,25835,557,299197,25937,26820,884,299213,310243
102,557,310249,563,316969,103,26820,26718,563,310243,26821,27356,536,310273,316961
103,563,316969,569,323761,104,27356,27253,569,316961,27357,27903,547,316991,323759
104,569,323761,571,326041,105,27903,27799,571,323759,27904,28092,189,323767,326023
105,571,326041,577,332929,106,28092,27987,577,326023,28093,28632,540,326057,332921
106,577,332929,587,344569,107,28632,28526,587,332921,28633,29544,912,332933,344567
107,587,344569,593,351649,108,29544,29437,593,344567,29545,30103,559,344587,351643
108,593,351649,599,358801,109,30103,29995,599,351643,30104,30667,564,351653,358793
109,599,358801,601,361201,110,30667,30558,601,358793,30668,30835,168,358811,361183
110,601,361201,607,368449,111,30835,30725,607,361183,30836,31417,582,361211,368447
111,607,368449,613,375769,112,31417,31306,613,368447,31418,31973,556,368453,375761
112,613,375769,617,380689,113,31973,31861,617,375761,31974,32349,376,375773,380657
113,617,380689,619,383161,114,32349,32236,619,380657,32350,32538,189,380707,383153
114,619,383161,631,398161,115,32538,32424,631,383153,32539,33713,1175,383171,398149
115,631,398161,641,410881,116,33713,33598,641,398149,33714,34681,968,398171,410857
116,641,410881,643,413449,117,34681,34565,643,410857,34682,34875,194,410899,413443
117,643,413449,647,418609,118,34875,34758,647,413443,34876,35278,403,413461,418603
118,647,418609,653,426409,119,35278,35160,653,418603,35279,35880,602,418631,426407
119,653,426409,659,434281,120,35880,35761,659,426407,35881,36503,623,426421,434267
120,659,434281,661,436921,121,36503,36383,661,434267,36504,36714,211,434293,436913
121,661,436921,673,452929,122,36714,36593,673,436913,36715,37933,1219,436957,452923
122,673,452929,677,458329,123,37933,37811,677,452923,37934,38337,404,452953,458327
123,677,458329,683,466489,124,38337,38214,683,458327,38338,38950,613,458333,466483
124,683,466489,691,477481,125,38950,38826,691,466483,38951,39809,859,466517,477469
125,691,477481,701,491401,126,39809,39684,701,477469,39810,40874,1065,477497,491377
126,701,491401,709,502681,127,40874,40748,709,491377,40875,41737,863,491417,502669
127,709,502681,719,516961,128,41737,41610,719,502669,41738,42820,1083,502687,516959
128,719,516961,727,528529,129,42820,42692,727,516959,42821,43715,895,516973,528527
129,727,528529,733,537289,130,43715,43586,733,528527,43716,44381,666,528559,537287
130,733,537289,739,546121,131,44381,44251,739,537287,44382,45030,649,537307,546109
131,739,546121,743,552049,132,45030,44899,743,546109,45031,45481,451,546137,552047
132,743,552049,751,564001,133,45481,45349,751,552047,45482,46369,888,552053,563999
133,751,564001,757,573049,134,46369,46236,757,563999,46370,47064,695,564013,573047
134,757,573049,761,579121,135,47064,46930,761,573047,47065,47520,456,573101,579119
135,761,579121,769,591361,136,47520,47385,769,579119,47521,48446,926,579133,591341
136,769,591361,773,597529,137,48446,48310,773,591341,48447,48916,470,591377,597523
137,773,597529,787,619369,138,48916,48779,787,597523,48917,50568,1652,597539,619363
138,787,619369,797,635209,139,50568,50430,797,619363,50569,51730,1162,619373,635207
139,797,635209,809,654481,140,51730,51591,809,635207,51731,53156,1426,635249,654439
140,809,654481,811,657721,141,53156,53016,811,654439,53157,53397,241,654491,657719
141,811,657721,821,674041,142,53397,53256,821,657719,53398,54614,1217,657743,674017
142,821,674041,823,677329,143,54614,54472,823,674017,54615,54858,244,674057,677323
143,823,677329,827,683929,144,54858,54715,827,677323,54859,55356,498,677333,683923
144,827,683929,829,687241,145,55356,55212,829,683923,55357,55602,246,683933,687233
145,829,687241,839,703921,146,55602,55457,839,687233,55603,56836,1234,687277,703907
146,839,703921,853,727609,147,56836,56690,853,703907,56837,58608,1772,703943,727589
147,853,727609,857,734449,148,58608,58461,857,727589,58609,59113,505,727613,734443
148,857,734449,859,737881,149,59113,58965,859,734443,59114,59372,259,734471,737873
149,859,737881,863,744769,150,59372,59223,863,737873,59373,59862,490,737887,744767
150,863,744769,877,769129,151,59862,59712,877,744767,59863,61670,1808,744791,769123
151,877,769129,881,776161,152,61670,61519,881,769123,61671,62182,512,769147,776159
152,881,776161,883,779689,153,62182,62030,883,776159,62183,62444,262,776173,779663
153,883,779689,887,786769,154,62444,62291,887,779663,62445,62968,524,779693,786763
154,887,786769,907,822649,155,62968,62814,907,786763,62969,65616,2648,786803,822631
155,907,822649,911,829921,156,65616,65461,911,822631,65617,66156,540,822667,829883
156,911,829921,919,844561,157,66156,66000,919,829883,66157,67230,1074,829949,844553
157,919,844561,929,863041,158,67230,67073,929,844553,67231,68578,1348,844601,863017
158,929,863041,937,877969,159,68578,68420,937,863017,68579,69669,1091,863047,877949
159,937,877969,941,885481,160,69669,69510,941,877949,69670,70221,552,877997,885473
160,941,885481,947,896809,161,70221,70061,947,885473,70222,71052,831,885487,896803
161,947,896809,953,908209,162,71052,70891,953,896803,71053,71879,827,896837,908197
162,953,908209,967,935089,163,71879,71717,967,908197,71880,73843,1964,908213,935071
163,967,935089,971,942841,164,73843,73680,971,935071,73844,74399,556,935093,942827
164,971,942841,977,954529,165,74399,74235,977,942827,74400,75236,837,942847,954517
165,977,954529,983,966289,166,75236,75071,983,954517,75237,76082,846,954539,966271
166,983,966289,991,982081,167,76082,75916,991,966271,76083,77214,1132,966293,982067
167,991,982081,997,994009,168,77214,77047,997,982067,77215,78060,846,982087,993997
168,997,994009,1009,1018081,169,78060,77892,1009,993997,78061,79830,1770,994013,1018057
169,1009,1018081,1013,1026169,170,79830,79661,1013,1018057,79831,80426,596,1018091,1026167
170,1013,1026169,1019,1038361,171,80426,80256,1019,1026167,80427,81298,872,1026197,1038337
171,1019,1038361,1021,1042441,172,81298,81127,1021,1038337,81299,81588,290,1038383,1042439
172,1021,1042441,1031,1062961,173,81588,81416,1031,1042439,81589,83030,1442,1042451,1062949
173,1031,1062961,1033,1067089,174,83030,82857,1033,1062949,83031,83334,304,1062977,1067083
174,1033,1067089,1039,1079521,175,83334,83160,1039,1067083,83335,84231,897,1067137,1079509
175,1039,1079521,1049,1100401,176,84231,84056,1049,1079509,84232,85747,1516,1079527,1100387
176,1049,1100401,1051,1104601,177,85747,85571,1051,1100387,85748,86047,300,1100419,1104599
177,1051,1104601,1061,1125721,178,86047,85870,1061,1104599,86048,87572,1525,1104613,1125713
178,1061,1125721,1063,1129969,179,87572,87394,1063,1125713,87573,87883,311,1125739,1129963
179,1063,1129969,1069,1142761,180,87883,87704,1069,1129963,87884,88792,909,1129991,1142759
180,1069,1142761,1087,1181569,181,88792,88612,1087,1142759,88793,91613,2821,1142773,1181563
181,1087,1181569,1091,1190281,182,91613,91432,1091,1181563,91614,92243,630,1181573,1190279
182,1091,1190281,1093,1194649,183,92243,92061,1093,1190279,92244,92557,314,1190291,1194631
183,1093,1194649,1097,1203409,184,92557,92374,1097,1194631,92558,93168,611,1194659,1203361
184,1097,1203409,1103,1216609,185,93168,92984,1103,1203361,93169,94102,934,1203421,1216603
185,1103,1216609,1109,1229881,186,94102,93917,1109,1216603,94103,95042,940,1216619,1229873
186,1109,1229881,1117,1247689,187,95042,94856,1117,1229873,95043,96295,1253,1229897,1247663
187,1117,1247689,1123,1261129,188,96295,96108,1123,1247663,96296,97262,967,1247693,1261121
188,1123,1261129,1129,1274641,189,97262,97074,1129,1261121,97263,98238,976,1261133,1274633
189,1129,1274641,1151,1324801,190,98238,98049,1151,1274633,98239,101789,3551,1274671,1324783
190,1151,1324801,1153,1329409,191,101789,101599,1153,1324783,101790,102107,318,1324819,1329407
191,1153,1329409,1163,1352569,192,102107,101916,1163,1329407,102108,103733,1626,1329437,1352557
192,1163,1352569,1171,1371241,193,103733,103541,1171,1352557,103734,105060,1327,1352597,1371229
193,1171,1371241,1181,1394761,194,105060,104867,1181,1371229,105061,106722,1662,1371259,1394753
194,1181,1394761,1187,1408969,195,106722,106528,1187,1394753,106723,107733,1011,1394777,1408963
195,1187,1408969,1193,1423249,196,107733,107538,1193,1408963,107734,108709,976,1408987,1423243
196,1193,1423249,1201,1442401,197,108709,108513,1201,1423243,108710,110094,1385,1423259,1442393
197,1201,1442401,1213,1471369,198,110094,109897,1213,1442393,110095,112130,2036,1442411,1471361
198,1213,1471369,1217,1481089,199,112130,111932,1217,1471361,112131,112829,699,1471397,1481071
199,1217,1481089,1223,1495729,200,112829,112630,1223,1481071,112830,113872,1043,1481099,1495727
200,1223,1495729,1229,1510441,201,113872,113672,1229,1495727,113873,114924,1052,1495751,1510429
201,1229,1510441,1231,1515361,202,114924,114723,1231,1510429,114925,115265,341,1510469,1515359
202,1231,1515361,1237,1530169,203,115265,115063,1237,1515359,115266,116292,1027,1515377,1530157
203,1237,1530169,1249,1560001,204,116292,116089,1249,1530157,116293,118376,2084,1530173,1559989
204,1249,1560001,1259,1585081,205,118376,118172,1259,1559989,118377,120111,1735,1560007,1585033
205,1259,1585081,1277,1630729,206,120111,119906,1277,1585033,120112,123301,3190,1585093,1630721
206,1277,1630729,1279,1635841,207,123301,123095,1279,1630721,123302,123673,372,1630763,1635827
207,1279,1635841,1283,1646089,208,123673,123466,1283,1635827,123674,124364,691,1635863,1646033
208,1283,1646089,1289,1661521,209,124364,124156,1289,1646033,124365,125436,1072,1646101,1661519
209,1289,1661521,1291,1666681,210,125436,125227,1291,1661519,125437,125796,360,1661549,1666657
210,1291,1666681,1297,1682209,211,125796,125586,1297,1666657,125797,126905,1109,1666711,1682207
211,1297,1682209,1301,1692601,212,126905,126694,1301,1682207,126906,127612,707,1682237,1692589
212,1301,1692601,1303,1697809,213,127612,127400,1303,1692589,127613,127978,366,1692629,1697803
213,1303,1697809,1307,1708249,214,127978,127765,1307,1697803,127979,128713,735,1697827,1708247
214,1307,1708249,1319,1739761,215,128713,128499,1319,1708247,128714,130884,2171,1708283,1739747
215,1319,1739761,1321,1745041,216,130884,130669,1321,1739747,130885,131240,356,1739767,1745039
216,1321,1745041,1327,1760929,217,131240,131024,1327,1745039,131241,132352,1112,1745057,1760923
217,1327,1760929,1361,1852321,218,132352,132135,1361,1760923,132353,138709,6357,1760947,1852307
218,1361,1852321,1367,1868689,219,138709,138491,1367,1852307,138710,139871,1162,1852327,1868687
219,1367,1868689,1373,1885129,220,139871,139652,1373,1868687,139872,140994,1123,1868693,1885069
220,1373,1885129,1381,1907161,221,140994,140774,1381,1885069,140995,142509,1515,1885151,1907153
221,1381,1907161,1399,1957201,222,142509,142288,1399,1907153,142510,146003,3494,1907189,1957187
222,1399,1957201,1409,1985281,223,146003,145781,1409,1957187,146004,147905,1902,1957243,1985279
223,1409,1985281,1423,2024929,224,147905,147682,1423,1985279,147906,150667,2762,1985287,2024917
224,1423,2024929,1427,2036329,225,150667,150443,1427,2024917,150668,151463,796,2024933,2036323
225,1427,2036329,1429,2042041,226,151463,151238,1429,2036323,151464,151844,381,2036339,2042039
226,1429,2042041,1433,2053489,227,151844,151618,1433,2042039,151845,152618,774,2042059,2053459
227,1433,2053489,1439,2070721,228,152618,152391,1439,2053459,152619,153820,1202,2053507,2070709
228,1439,2070721,1447,2093809,229,153820,153592,1447,2070709,153821,155394,1574,2070737,2093807
229,1447,2093809,1451,2105401,230,155394,155165,1451,2093807,155395,156185,791,2093813,2105381
230,1451,2105401,1453,2111209,231,156185,155955,1453,2105381,156186,156589,404,2105407,2111189
231,1453,2111209,1459,2128681,232,156589,156358,1459,2111189,156590,157786,1197,2111231,2128669
232,1459,2128681,1471,2163841,233,157786,157554,1471,2128669,157787,160224,2438,2128697,2163829
233,1471,2163841,1481,2193361,234,160224,159991,1481,2163829,160225,162231,2007,2163851,2193353
234,1481,2193361,1483,2199289,235,162231,161997,1483,2193353,162232,162622,391,2193371,2199277
235,1483,2199289,1487,2211169,236,162622,162387,1487,2199277,162623,163451,829,2199299,2211161
236,1487,2211169,1489,2217121,237,163451,163215,1489,2211161,163452,163840,389,2211179,2217113
237,1489,2217121,1493,2229049,238,163840,163603,1493,2217113,163841,164653,813,2217143,2229043
238,1493,2229049,1499,2247001,239,164653,164415,1499,2229043,164654,165873,1220,2229083,2246999
239,1499,2247001,1511,2283121,240,165873,165634,1511,2246999,165874,168364,2491,2247019,2283109
240,1511,2283121,1523,2319529,241,168364,168124,1523,2283109,168365,170833,2469,2283137,2319521
241,1523,2319529,1531,2343961,242,170833,170592,1531,2319521,170834,172482,1649,2319533,2343949
242,1531,2343961,1543,2380849,243,172482,172240,1543,2343949,172483,174979,2497,2343967,2380841
243,1543,2380849,1549,2399401,244,174979,174736,1549,2380841,174980,176260,1281,2380853,2399399
244,1549,2399401,1553,2411809,245,176260,176016,1553,2399399,176261,177081,821,2399407,2411797
245,1553,2411809,1559,2430481,246,177081,176836,1559,2411797,177082,178355,1274,2411821,2430469
246,1559,2430481,1567,2455489,247,178355,178109,1567,2430469,178356,180057,1702,2430487,2455487
247,1567,2455489,1571,2468041,248,180057,179810,1571,2455487,180058,180914,857,2455499,2468027
248,1571,2468041,1579,2493241,249,180914,180666,1579,2468027,180915,182605,1691,2468047,2493233
249,1579,2493241,1583,2505889,250,182605,182356,1583,2493233,182606,183477,872,2493259,2505863
250,1583,2505889,1597,2550409,251,183477,183227,1597,2505863,183478,186487,3010,2505901,2550407
251,1597,2550409,1601,2563201,252,186487,186236,1601,2550407,186488,187359,872,2550437,2563199
252,1601,2563201,1607,2582449,253,187359,187107,1607,2563199,187360,188693,1334,2563207,2582443
253,1607,2582449,1609,2588881,254,188693,188440,1609,2582443,188694,189124,431,2582491,2588869
254,1609,2588881,1613,2601769,255,189124,188870,1613,2588869,189125,189991,867,2588893,2601763
255,1613,2601769,1619,2621161,256,189991,189736,1619,2601763,189992,191292,1301,2601773,2621159
256,1619,2621161,1621,2627641,257,191292,191036,1621,2621159,191293,191725,433,2621167,2627627
257,1621,2627641,1627,2647129,258,191725,191468,1627,2627627,191726,193060,1335,2627657,2647111
258,1627,2647129,1637,2679769,259,193060,192802,1637,2647111,193061,195264,2204,2647133,2679763
259,1637,2679769,1657,2745649,260,195264,195005,1657,2679763,195265,199710,4446,2679773,2745643
260,1657,2745649,1663,2765569,261,199710,199450,1663,2745643,199711,201049,1339,2745661,2765551
261,1663,2765569,1667,2778889,262,201049,200788,1667,2765551,201050,201942,893,2765579,2778877
262,1667,2778889,1669,2785561,263,201942,201680,1669,2778877,201943,202392,450,2778901,2785513
263,1669,2785561,1693,2866249,264,202392,202129,1693,2785513,202393,207872,5480,2785577,2866247
264,1693,2866249,1697,2879809,265,207872,207608,1697,2866247,207873,208757,885,2866261,2879803
265,1697,2879809,1699,2886601,266,208757,208492,1699,2879803,208758,209219,462,2879819,2886593
266,1699,2886601,1709,2920681,267,209219,208953,1709,2886593,209220,211507,2288,2886607,2920649
267,1709,2920681,1721,2961841,268,211507,211240,1721,2920649,211508,214235,2728,2920691,2961839
268,1721,2961841,1723,2968729,269,214235,213967,1723,2961839,214236,214712,477,2961851,2968717
269,1723,2968729,1733,3003289,270,214712,214443,1733,2968717,214713,217039,2327,2968733,3003281
270,1733,3003289,1741,3031081,271,217039,216769,1741,3003281,217040,218885,1846,3003307,3031079
271,1741,3031081,1747,3052009,272,218885,218614,1747,3031079,218886,220264,1379,3031103,3052003
272,1747,3052009,1753,3073009,273,220264,219992,1753,3052003,220265,221668,1404,3052033,3072983
273,1753,3073009,1759,3094081,274,221668,221395,1759,3072983,221669,223119,1451,3073013,3094073
274,1759,3094081,1777,3157729,275,223119,222845,1777,3094073,223120,227374,4255,3094099,3157711
275,1777,3157729,1783,3179089,276,227374,227099,1783,3157711,227375,228793,1419,3157751,3179087
276,1783,3179089,1787,3193369,277,228793,228517,1787,3179087,228794,229759,966,3179107,3193363
277,1787,3193369,1789,3200521,278,229759,229482,1789,3193363,229760,230253,494,3193381,3200507
278,1789,3200521,1801,3243601,279,230253,229975,1801,3200507,230254,233151,2898,3200543,3243589
279,1801,3243601,1811,3279721,280,233151,232872,1811,3243589,233152,235569,2418,3243613,3279709
280,1811,3279721,1823,3323329,281,235569,235289,1823,3279709,235570,238457,2888,3279737,3323311
281,1823,3323329,1831,3352561,282,238457,238176,1831,3323311,238458,240390,1933,3323399,3352537
282,1831,3352561,1847,3411409,283,240390,240108,1847,3352537,240391,244320,3930,3352571,3411391
283,1847,3411409,1861,3463321,284,244320,244037,1861,3411391,244321,247769,3449,3411433,3463319
284,1861,3463321,1867,3485689,285,247769,247485,1867,3463319,247770,249205,1436,3463333,3485687
285,1867,3485689,1871,3500641,286,249205,248920,1871,3485687,249206,250184,979,3485701,3500593
286,1871,3500641,1873,3508129,287,250184,249898,1873,3500593,250185,250677,493,3500671,3508111
287,1873,3508129,1877,3523129,288,250677,250390,1877,3508111,250678,251663,986,3508139,3523111
288,1877,3523129,1879,3530641,289,251663,251375,1879,3523111,251664,252135,472,3523141,3530629
289,1879,3530641,1889,3568321,290,252135,251846,1889,3530629,252136,254640,2505,3530647,3568307
290,1889,3568321,1901,3613801,291,254640,254350,1901,3568307,254641,257679,3039,3568337,3613789
291,1901,3613801,1907,3636649,292,257679,257388,1907,3613789,257680,259209,1530,3613807,3636631
292,1907,3636649,1913,3659569,293,259209,258917,1913,3636631,259210,260691,1482,3636667,3659567
293,1913,3659569,1931,3728761,294,260691,260398,1931,3659567,260692,265317,4626,3659587,3728759
294,1931,3728761,1933,3736489,295,265317,265023,1933,3728759,265318,265841,524,3728779,3736477
295,1933,3736489,1949,3798601,296,265841,265546,1949,3736477,265842,269893,4052,3736501,3798593
296,1949,3798601,1951,3806401,297,269893,269597,1951,3798593,269894,270415,522,3798629,3806347
297,1951,3806401,1973,3892729,298,270415,270118,1973,3806347,270416,276116,5701,3806423,3892697
298,1973,3892729,1979,3916441,299,276116,275818,1979,3892697,276117,277688,1572,3892741,3916439
299,1979,3916441,1987,3948169,300,277688,277389,1987,3916439,277689,279793,2105,3916453,3948163
300,1987,3948169,1993,3972049,301,279793,279493,1993,3948163,279794,281338,1545,3948173,3972037
301,1993,3972049,1997,3988009,302,281338,281037,1997,3972037,281339,282376,1038,3972071,3988007
302,1997,3988009,1999,3996001,303,282376,282074,1999,3988007,282377,282898,522,3988021,3995989
303,1999,3996001,2003,4012009,304,282898,282595,2003,3995989,282899,283945,1047,3996007,4011991
304,2003,4012009,2011,4044121,305,283945,283641,2011,4011991,283946,286090,2145,4012013,4044077
305,2011,4044121,2017,4068289,306,286090,285785,2017,4044077,286091,287671,1581,4044179,4068283
306,2017,4068289,2027,4108729,307,287671,287365,2027,4068283,287672,290343,2672,4068301,4108717
307,2027,4108729,2029,4116841,308,290343,290036,2029,4108717,290344,290875,532,4108757,4116823
308,2029,4116841,2039,4157521,309,290875,290567,2039,4116823,290876,293511,2636,4116857,4157513
309,2039,4157521,2053,4214809,310,293511,293202,2053,4157513,293512,297297,3786,4157563,4214807
310,2053,4214809,2063,4255969,311,297297,296987,2063,4214807,297298,299985,2688,4214851,4255963
311,2063,4255969,2069,4280761,312,299985,299674,2069,4255963,299986,301593,1608,4255987,4280747
312,2069,4280761,2081,4330561,313,301593,301281,2081,4280747,301594,304827,3234,4280767,4330559
313,2081,4330561,2083,4338889,314,304827,304514,2083,4330559,304828,305370,543,4330567,4338883
314,2083,4338889,2087,4355569,315,305370,305056,2087,4338883,305371,306446,1076,4338913,4355567
315,2087,4355569,2089,4363921,316,306446,306131,2089,4355567,306447,306985,539,4355573,4363897
316,2089,4363921,2099,4405801,317,306985,306669,2099,4363897,306986,309719,2734,4363927,4405789
317,2099,4405801,2111,4456321,318,309719,309402,2111,4405789,309720,313074,3355,4405829,4456301
318,2111,4456321,2113,4464769,319,313074,312756,2113,4456301,313075,313630,556,4456327,4464767
319,2113,4464769,2129,4532641,320,313630,313311,2129,4464767,313631,318048,4418,4464781,4532639
320,2129,4532641,2131,4541161,321,318048,317728,2131,4532639,318049,318600,552,4532653,4541153
321,2131,4541161,2137,4566769,322,318600,318279,2137,4541153,318601,320277,1677,4541183,4566767
322,2137,4566769,2141,4583881,323,320277,319955,2141,4566767,320278,321398,1121,4566781,4583869
323,2141,4583881,2143,4592449,324,321398,321075,2143,4583869,321399,321953,555,4583899,4592429
324,2143,4592449,2153,4635409,325,321953,321629,2153,4592429,321954,324753,2800,4592453,4635403
325,2153,4635409,2161,4669921,326,324753,324428,2161,4635403,324754,326983,2230,4635437,4669913
326,2161,4669921,2179,4748041,327,326983,326657,2179,4669913,326984,332098,5115,4669949,4748039
327,2179,4748041,2203,4853209,328,332098,331771,2203,4748039,332099,338913,6815,4748047,4853203
328,2203,4853209,2207,4870849,329,338913,338585,2207,4853203,338914,340059,1146,4853243,4870843
329,2207,4870849,2213,4897369,330,340059,339730,2213,4870843,340060,341812,1753,4870861,4897363
330,2213,4897369,2221,4932841,331,341812,341482,2221,4897363,341813,344122,2310,4897379,4932827
331,2221,4932841,2237,5004169,332,344122,343791,2237,4932827,344123,348785,4663,4932853,5004157
332,2237,5004169,2239,5013121,333,348785,348453,2239,5004157,348786,349348,563,5004193,5013119
333,2239,5013121,2243,5031049,334,349348,349015,2243,5013119,349349,350515,1167,5013133,5031041
334,2243,5031049,2251,5067001,335,350515,350181,2251,5031041,350516,352828,2313,5031071,5066993
335,2251,5067001,2267,5139289,336,352828,352493,2267,5066993,352829,357505,4677,5067047,5139271
336,2267,5139289,2269,5148361,337,357505,357169,2269,5139271,357506,358094,589,5139301,5148359
337,2269,5148361,2273,5166529,338,358094,357757,2273,5148359,358095,359263,1169,5148371,5166527
338,2273,5166529,2281,5202961,339,359263,358925,2281,5166527,359264,361605,2342,5166541,5202917
339,2281,5202961,2287,5230369,340,361605,361266,2287,5202917,361606,363390,1785,5202971,5230367
340,2287,5230369,2293,5257849,341,363390,363050,2293,5230367,363391,365180,1790,5230387,5257829
341,2293,5257849,2297,5276209,342,365180,364839,2297,5257829,365181,366374,1194,5257877,5276207
342,2297,5276209,2309,5331481,343,366374,366032,2309,5276207,366375,369931,3557,5276233,5331479
343,2309,5331481,2311,5340721,344,369931,369588,2311,5331479,369932,370534,603,5331493,5340707
344,2311,5340721,2333,5442889,345,370534,370190,2333,5340707,370535,377116,6582,5340743,5442859
345,2333,5442889,2339,5470921,346,377116,376771,2339,5442859,377117,378924,1808,5442893,5470909
346,2339,5470921,2341,5480281,347,378924,378578,2341,5470909,378925,379519,595,5470943,5480269
347,2341,5480281,2347,5508409,348,379519,379172,2347,5480269,379520,381346,1827,5480287,5508401
348,2347,5508409,2351,5527201,349,381346,380998,2351,5508401,381347,382516,1170,5508469,5527189
349,2351,5527201,2357,5555449,350,382516,382167,2357,5527189,382517,384320,1804,5527213,5555401
350,2357,5555449,2371,5621641,351,384320,383970,2371,5555401,384321,388573,4253,5555461,5621617
351,2371,5621641,2377,5650129,352,388573,388222,2377,5621617,388574,390388,1815,5621653,5650121
352,2377,5650129,2381,5669161,353,390388,390036,2381,5650121,390389,391595,1207,5650133,5669159
353,2381,5669161,2383,5678689,354,391595,391242,2383,5669159,391596,392210,615,5669189,5678669
354,2383,5678689,2389,5707321,355,392210,391856,2389,5678669,392211,394077,1867,5678713,5707319
355,2389,5707321,2393,5726449,356,394077,393722,2393,5707319,394078,395315,1238,5707357,5726447
356,2393,5726449,2399,5755201,357,395315,394959,2399,5726447,395316,397167,1852,5726459,5755187
357,2399,5755201,2411,5812921,358,397167,396810,2411,5755187,397168,400831,3664,5755207,5812907
358,2411,5812921,2417,5841889,359,400831,400473,2417,5812907,400832,402668,1837,5812927,5841883
359,2417,5841889,2423,5870929,360,402668,402309,2423,5841883,402669,404528,1860,5841907,5870927
360,2423,5870929,2437,5938969,361,404528,404168,2437,5870927,404529,408975,4447,5870939,5938957
361,2437,5938969,2441,5958481,362,408975,408614,2441,5938957,408976,410213,1238,5938993,5958473
362,2441,5958481,2447,5987809,363,410213,409851,2447,5958473,410214,412089,1876,5958499,5987803
363,2447,5987809,2459,6046681,364,412089,411726,2459,5987803,412090,415837,3748,5987819,6046669
364,2459,6046681,2467,6086089,365,415837,415473,2467,6046669,415838,418333,2496,6046697,6086063
365,2467,6086089,2473,6115729,366,418333,417968,2473,6086063,418334,420264,1931,6086117,6115717
366,2473,6115729,2477,6135529,367,420264,419898,2477,6115717,420265,421519,1255,6115741,6135523
367,2477,6135529,2503,6265009,368,421519,421152,2503,6135523,421520,429799,8280,6135533,6265001
368,2503,6265009,2521,6355441,369,429799,429431,2521,6265001,429800,435608,5809,6265019,6355381
369,2521,6355441,2531,6405961,370,435608,435239,2531,6355381,435609,438791,3183,6355457,6405943
370,2531,6405961,2539,6446521,371,438791,438421,2539,6405943,438792,441352,2561,6405979,6446513
371,2539,6446521,2543,6466849,372,441352,440981,2543,6446513,441353,442663,1311,6446533,6466847
372,2543,6466849,2549,6497401,373,442663,442291,2549,6466847,442664,444592,1929,6466853,6497399
373,2549,6497401,2551,6507601,374,444592,444219,2551,6497399,444593,445249,657,6497441,6507587
374,2551,6507601,2557,6538249,375,445249,444875,2557,6507587,445250,447203,1954,6507619,6538219
375,2557,6538249,2579,6651241,376,447203,446828,2579,6538219,447204,454411,7208,6538267,6651223
376,2579,6651241,2591,6713281,377,454411,454035,2591,6651223,454412,458358,3947,6651251,6713279
377,2591,6713281,2593,6723649,378,458358,457981,2593,6713279,458359,459034,676,6713321,6723643
378,2593,6723649,2609,6806881,379,459034,458656,2609,6723643,459035,464313,5279,6723667,6806837
379,2609,6806881,2617,6848689,380,464313,463934,2617,6806837,464314,466980,2667,6806893,6848659
380,2617,6848689,2621,6869641,381,466980,466600,2621,6848659,466981,468352,1372,6848701,6869633
381,2621,6869641,2633,6932689,382,468352,467971,2633,6869633,468353,472342,3990,6869647,6932669
382,2633,6932689,2647,7006609,383,472342,471960,2647,6932669,472343,477055,4713,6932693,7006607
383,2647,7006609,2657,7059649,384,477055,476672,2657,7006607,477056,480474,3419,7006621,7059631
384,2657,7059649,2659,7070281,385,480474,480090,2659,7059631,480475,481112,638,7059683,7070267
385,2659,7070281,2663,7091569,386,481112,480727,2663,7070267,481113,482494,1382,7070291,7091549
386,2663,7091569,2671,7134241,387,482494,482108,2671,7091549,482495,485166,2672,7091587,7134233
387,2671,7134241,2677,7166329,388,485166,484779,2677,7134233,485167,487196,2030,7134251,7166321
388,2677,7166329,2683,7198489,389,487196,486808,2683,7166321,487197,489219,2023,7166339,7198483
389,2683,7198489,2687,7219969,390,489219,488830,2687,7198483,489220,490579,1360,7198523,7219963
390,2687,7219969,2689,7230721,391,490579,490189,2689,7219963,490580,491253,674,7219973,7230709
391,2689,7230721,2693,7252249,392,491253,490862,2693,7230709,491254,492633,1380,7230731,7252237
392,2693,7252249,2699,7284601,393,492633,492241,2699,7252237,492634,494685,2052,7252253,7284569
393,2699,7284601,2707,7327849,394,494685,494292,2707,7284569,494686,497422,2737,7284617,7327847
394,2707,7327849,2711,7349521,395,497422,497028,2711,7327847,497423,498771,1349,7327861,7349513
395,2711,7349521,2713,7360369,396,498771,498376,2713,7349513,498772,499460,689,7349527,7360363
396,2713,7360369,2719,7392961,397,499460,499064,2719,7360363,499461,501520,2060,7360411,7392953
397,2719,7392961,2729,7447441,398,501520,501123,2729,7392953,501521,504976,3456,7392967,7447439
398,2729,7447441,2731,7458361,399,504976,504578,2731,7447439,504977,505660,684,7447459,7458313
399,2731,7458361,2741,7513081,400,505660,505261,2741,7458313,505661,509067,3407,7458379,7513073
400,2741,7513081,2749,7557001,401,509067,508667,2749,7513073,509068,511864,2797,7513123,7556999
401,2749,7557001,2753,7579009,402,511864,511463,2753,7556999,511865,513227,1363,7557019,7579003
402,2753,7579009,2767,7656289,403,513227,512825,2767,7579003,513228,518134,4907,7579027,7656281
403,2767,7656289,2777,7711729,404,518134,517731,2777,7656281,518135,521637,3503,7656301,7711723
404,2777,7711729,2789,7778521,405,521637,521233,2789,7711723,521638,525815,4178,7711733,7778509
405,2789,7778521,2791,7789681,406,525815,525410,2791,7778509,525816,526500,685,7778539,7789669
406,2791,7789681,2797,7823209,407,526500,526094,2797,7789669,526501,528632,2132,7789687,7823203
407,2797,7823209,2801,7845601,408,528632,528225,2801,7823203,528633,530059,1427,7823219,7845587
408,2801,7845601,2803,7856809,409,530059,529651,2803,7845587,530060,530763,704,7845611,7856803
409,2803,7856809,2819,7946761,410,530763,530354,2819,7856803,530764,536452,5689,7856819,7946747
410,2819,7946761,2833,8025889,411,536452,536042,2833,7946747,536453,541404,4952,7946777,8025883
411,2833,8025889,2837,8048569,412,541404,540993,2837,8025883,541405,542811,1407,8025893,8048567
412,2837,8048569,2843,8082649,413,542811,542399,2843,8048567,542812,544954,2143,8048581,8082631
413,2843,8082649,2851,8128201,414,544954,544541,2851,8082631,544955,547827,2873,8082653,8128187
414,2851,8128201,2857,8162449,415,547827,547413,2857,8128187,547828,549953,2126,8128213,8162437
415,2857,8162449,2861,8185321,416,549953,549538,2861,8162437,549954,551405,1452,8162467,8185301
416,2861,8185321,2879,8288641,417,551405,550989,2879,8185301,551406,557900,6495,8185369,8288633
417,2879,8288641,2887,8334769,418,557900,557483,2887,8288633,557901,560779,2879,8288647,8334757
418,2887,8334769,2897,8392609,419,560779,560361,2897,8334757,560780,564420,3641,8334773,8392607
419,2897,8392609,2903,8427409,420,564420,564001,2903,8392607,564421,566584,2164,8392619,8427403
420,2903,8427409,2909,8462281,421,566584,566164,2909,8427403,566585,568752,2168,8427413,8462263
421,2909,8462281,2917,8508889,422,568752,568331,2917,8462263,568753,571684,2932,8462291,8508881
422,2917,8508889,2927,8567329,423,571684,571262,2927,8508881,571685,575360,3676,8508893,8567311
423,2927,8567329,2939,8637721,424,575360,574937,2939,8567311,575361,579814,4454,8567341,8637701
424,2939,8637721,2953,8720209,425,579814,579390,2953,8637701,579815,584998,5184,8637749,8720191
425,2953,8720209,2957,8743849,426,584998,584573,2957,8720191,584999,586482,1484,8720227,8743843
426,2957,8743849,2963,8779369,427,586482,586056,2963,8743843,586483,588704,2222,8743853,8779321
427,2963,8779369,2969,8814961,428,588704,588277,2969,8779321,588705,590938,2234,8779391,8814941
428,2969,8814961,2971,8826841,429,590938,590510,2971,8814941,590939,591684,746,8814983,8826833
429,2971,8826841,2999,8994001,430,591684,591255,2999,8826833,591685,602108,10424,8826863,8993981
430,2999,8994001,3001,9006001,431,602108,601678,3001,8993981,602109,602829,721,8994017,9005989
431,3001,9006001,3011,9066121,432,602829,602398,3011,9005989,602830,606539,3710,9006013,9066091
432,3011,9066121,3019,9114361,433,606539,606107,3019,9066091,606540,609559,3020,9066131,9114353
433,3019,9114361,3023,9138529,434,609559,609126,3023,9114353,609560,611067,1508,9114377,9138527
434,3023,9138529,3037,9223369,435,611067,610633,3037,9138527,611068,616384,5317,9138533,9223351
435,3037,9223369,3041,9247681,436,616384,615949,3041,9223351,616385,617900,1516,9223373,9247663
436,3041,9247681,3049,9296401,437,617900,617464,3049,9247663,617901,620943,3043,9247687,9296387
437,3049,9296401,3061,9369721,438,620943,620506,3061,9296387,620944,625534,4591,9296407,9369713
438,3061,9369721,3067,9406489,439,625534,625096,3067,9369713,625535,627804,2270,9369727,9406483
439,3067,9406489,3079,9480241,440,627804,627365,3079,9406483,627805,632357,4553,9406511,9480239
440,3079,9480241,3083,9504889,441,632357,631917,3083,9480239,632358,633894,1537,9480257,9504877
441,3083,9504889,3089,9541921,442,633894,633453,3089,9504877,633895,636202,2308,9504899,9541919
442,3089,9541921,3109,9665881,443,636202,635760,3109,9541919,636203,643942,7740,9541927,9665863
443,3109,9665881,3119,9728161,444,643942,643499,3119,9665863,643943,647796,3854,9665891,9728153
444,3119,9728161,3121,9740641,445,647796,647352,3121,9728153,647797,648591,795,9728167,9740639
445,3121,9740641,3137,9840769,446,648591,648146,3137,9740639,648592,654804,6213,9740651,9840763
446,3137,9840769,3163,10004569,447,654804,654358,3163,9840763,654805,664861,10057,9840781,10004557
447,3163,10004569,3167,10029889,448,664861,664414,3167,10004557,664862,666444,1583,10004573,10029883
448,3167,10029889,3169,10042561,449,666444,665996,3169,10029883,666445,667233,789,10029913,10042553
449,3169,10042561,3181,10118761,450,667233,666784,3181,10042553,667234,671978,4745,10042579,10118753
450,3181,10118761,3187,10156969,451,671978,671528,3187,10118753,671979,674356,2378,10118831,10156957
451,3187,10156969,3191,10182481,452,674356,673905,3191,10156957,674357,675919,1563,10157023,10182463
452,3191,10182481,3203,10259209,453,675919,675467,3203,10182463,675920,680641,4722,10182493,10259203
453,3203,10259209,3209,10297681,454,680641,680188,3209,10259203,680642,683042,2401,10259237,10297669
454,3209,10297681,3217,10349089,455,683042,682588,3217,10297669,683043,686207,3165,10297687,10349083
455,3217,10349089,3221,10374841,456,686207,685752,3221,10349083,686208,687811,1604,10349113,10374839
456,3221,10374841,3229,10426441,457,687811,687355,3229,10374839,687812,691023,3212,10374853,10426417
457,3229,10426441,3251,10569001,458,691023,690566,3251,10426417,691024,699893,8870,10426463,10568993
458,3251,10569001,3253,10582009,459,699893,699435,3253,10568993,699894,700677,784,10569007,10581959
459,3253,10582009,3257,10608049,460,700677,700218,3257,10581959,700678,702278,1601,10582043,10608029
460,3257,10608049,3259,10621081,461,702278,701818,3259,10608029,702279,703076,798,10608079,10621063
461,3259,10621081,3271,10699441,462,703076,702615,3271,10621063,703077,707972,4896,10621097,10699421
462,3271,10699441,3299,10883401,463,707972,707510,3299,10699421,707973,719300,11328,10699459,10883399
463,3299,10883401,3301,10896601,464,719300,718837,3301,10883399,719301,720110,810,10883419,10896577
464,3301,10896601,3307,10936249,465,720110,719646,3307,10896577,720111,722575,2465,10896607,10936243
465,3307,10936249,3313,10975969,466,722575,722110,3313,10936243,722576,725036,2461,10936259,10975967
466,3313,10975969,3319,11015761,467,725036,724570,3319,10975967,725037,727471,2435,10975981,11015743
467,3319,11015761,3323,11042329,468,727471,727004,3323,11015743,727472,729101,1630,11015777,11042309
468,3323,11042329,3329,11082241,469,729101,728633,3329,11042309,729102,731607,2506,11042347,11082233
469,3329,11082241,3331,11095561,470,731607,731138,3331,11082233,731608,732426,819,11082257,11095559
470,3331,11095561,3343,11175649,471,732426,731956,3343,11095559,732427,737363,4937,11095571,11175617
471,3343,11175649,3347,11202409,472,737363,736892,3347,11175617,737364,739028,1665,11175653,11202349
472,3347,11202409,3359,11282881,473,739028,738556,3359,11202349,739029,743941,4913,11202431,11282879
473,3359,11282881,3361,11296321,474,743941,743468,3361,11282879,743942,744790,849,11282893,11296301
474,3361,11296321,3371,11363641,475,744790,744316,3371,11296301,744791,748902,4112,11296331,11363617
475,3371,11363641,3373,11377129,476,748902,748427,3373,11363617,748903,749730,828,11363663,11377127
476,3373,11377129,3389,11485321,477,749730,749254,3389,11377127,749731,756382,6652,11377151,11485277
477,3389,11485321,3391,11498881,478,756382,755905,3391,11485277,756383,757219,837,11485339,11498843
478,3391,11498881,3407,11607649,479,757219,756741,3407,11498843,757220,763943,6724,11498909,11607623
479,3407,11607649,3413,11648569,480,763943,763464,3413,11607623,763944,766473,2530,11607653,11648561
480,3413,11648569,3433,11785489,481,766473,765993,3433,11648561,766474,774881,8408,11648597,11785463
481,3433,11785489,3449,11895601,482,774881,774400,3449,11785463,774882,781626,6745,11785493,11895589
482,3449,11895601,3457,11950849,483,781626,781144,3457,11895589,781627,785045,3419,11895607,11950837
483,3457,11950849,3461,11978521,484,785045,784562,3461,11950837,785046,786744,1699,11950853,11978507
484,3461,11978521,3463,11992369,485,786744,786260,3463,11978507,786745,787601,857,11978539,11992349
485,3463,11992369,3467,12020089,486,787601,787116,3467,11992349,787602,789299,1698,11992373,12020083
486,3467,12020089,3469,12033961,487,789299,788813,3469,12020083,789300,790120,821,12020119,12033953
487,3469,12033961,3491,12187081,488,790120,789633,3491,12033953,790121,799510,9390,12033971,12187073
488,3491,12187081,3499,12243001,489,799510,799022,3499,12187073,799511,802939,3429,12187117,12242987
489,3499,12243001,3511,12327121,490,802939,802450,3511,12242987,802940,808117,5178,12243019,12327109
490,3511,12327121,3517,12369289,491,808117,807627,3517,12327109,808118,810743,2626,12327127,12369281
491,3517,12369289,3527,12439729,492,810743,810252,3527,12369281,810744,815037,4294,12369317,12439727
492,3527,12439729,3529,12453841,493,815037,814545,3529,12439727,815038,815910,873,12439751,12453829
493,3529,12453841,3533,12482089,494,815910,815417,3533,12453829,815911,817634,1724,12453851,12482059
494,3533,12482089,3539,12524521,495,817634,817140,3539,12482059,817635,820230,2596,12482111,12524509
495,3539,12524521,3541,12538681,496,820230,819735,3541,12524509,820231,821055,825,12524539,12538679
496,3541,12538681,3547,12581209,497,821055,820559,3547,12538679,821056,823647,2592,12538723,12581183
497,3547,12581209,3557,12652249,498,823647,823150,3557,12581183,823648,828018,4371,12581227,12652229
498,3557,12652249,3559,12666481,499,828018,827520,3559,12652229,828019,828862,844,12652253,12666461
499,3559,12666481,3571,12752041,500,828862,828363,3571,12666461,828863,834147,5285,12666503,12752029
500,3571,12752041,3581,12823561,501,834147,833647,3581,12752029,834148,838525,4378,12752053,12823541
501,3581,12823561,3583,12837889,502,838525,838024,3583,12823541,838526,839415,890,12823607,12837883
502,3583,12837889,3593,12909649,503,839415,838913,3593,12837883,839416,843766,4351,12837893,12909643
503,3593,12909649,3607,13010449,504,843766,843263,3607,12909643,843767,849887,6121,12909653,13010447
504,3607,13010449,3613,13053769,505,849887,849383,3613,13010447,849888,852530,2643,13010477,13053749
505,3613,13053769,3617,13082689,506,852530,852025,3617,13053749,852531,854248,1718,13053791,13082687
506,3617,13082689,3623,13126129,507,854248,853742,3623,13082687,854249,856875,2627,13082711,13126121
507,3623,13126129,3631,13184161,508,856875,856368,3631,13126121,856876,860413,3538,13126147,13184153
508,3631,13184161,3637,13227769,509,860413,859905,3637,13184153,860414,863092,2679,13184177,13227757
509,3637,13227769,3643,13271449,510,863092,862583,3643,13227757,863093,865737,2645,13227811,13271429
510,3643,13271449,3659,13388281,511,865737,865227,3659,13271429,865738,872880,7143,13271459,13388269
511,3659,13388281,3671,13476241,512,872880,872369,3671,13388269,872881,878184,5304,13388321,13476233
512,3671,13476241,3673,13490929,513,878184,877672,3673,13476233,878185,879073,889,13476247,13490879
513,3673,13490929,3677,13520329,514,879073,878560,3677,13490879,879074,880870,1797,13490947,13520303
514,3677,13520329,3691,13623481,515,880870,880356,3691,13520303,880871,887157,6287,13520333,13623469
515,3691,13623481,3697,13667809,516,887157,886642,3697,13623469,887158,889875,2718,13623503,13667803
516,3697,13667809,3701,13697401,517,889875,889359,3701,13667803,889876,891684,1809,13667827,13697399
517,3701,13697401,3709,13756681,518,891684,891167,3709,13697399,891685,895311,3627,13697429,13756679
518,3709,13756681,3719,13830961,519,895311,894793,3719,13756679,895312,899817,4506,13756697,13830953
519,3719,13830961,3727,13890529,520,899817,899298,3727,13830953,899818,903470,3653,13830983,13890509
520,3727,13890529,3733,13935289,521,903470,902950,3733,13890509,903471,906214,2744,13890553,13935281
521,3733,13935289,3739,13980121,522,906214,905693,3739,13935281,906215,908885,2671,13935293,13980107
522,3739,13980121,3761,14145121,523,908885,908363,3761,13980107,908886,918911,10026,13980149,14145091
523,3761,14145121,3767,14190289,524,918911,918388,3767,14145091,918912,921624,2713,14145181,14190271
524,3767,14190289,3769,14205361,525,921624,921100,3769,14190271,921625,922510,886,14190299,14205349
525,3769,14205361,3779,14280841,526,922510,921985,3779,14205349,922511,927137,4627,14205377,14280829
526,3779,14280841,3793,14386849,527,927137,926611,3793,14280829,927138,933630,6493,14280883,14386837
527,3793,14386849,3797,14417209,528,933630,933103,3797,14386837,933631,935469,1839,14386873,14417191
528,3797,14417209,3803,14462809,529,935469,934941,3803,14417191,935470,938232,2763,14417213,14462807
529,3803,14462809,3821,14600041,530,938232,937703,3821,14462807,938233,946552,8320,14462813,14600017
530,3821,14600041,3823,14615329,531,946552,946022,3823,14600017,946553,947452,900,14600051,14615309
531,3823,14615329,3833,14691889,532,947452,946921,3833,14615309,947453,952083,4631,14615347,14691881
532,3833,14691889,3847,14799409,533,952083,951551,3847,14691881,952084,958620,6537,14691931,14799403
533,3847,14799409,3851,14830201,534,958620,958087,3851,14799403,958621,960484,1864,14799451,14830199
534,3851,14830201,3853,14845609,535,960484,959950,3853,14830199,960485,961452,968,14830219,14845591
535,3853,14845609,3863,14922769,536,961452,960917,3863,14845591,961453,966059,4607,14845613,14922767
536,3863,14922769,3877,15031129,537,966059,965523,3877,14922767,966060,972599,6540,14922773,15031103
537,3877,15031129,3881,15062161,538,972599,972062,3881,15031103,972600,974471,1872,15031151,15062143
538,3881,15062161,3889,15124321,539,974471,973933,3889,15062143,974472,978221,3750,15062167,15124309
539,3889,15124321,3907,15264649,540,978221,977682,3907,15124309,978222,986711,8490,15124327,15264637
540,3907,15264649,3911,15295921,541,986711,986171,3911,15264637,986712,988607,1896,15264659,15295919
541,3911,15295921,3917,15342889,542,988607,988066,3917,15295919,988608,991435,2828,15295939,15342883
542,3917,15342889,3919,15358561,543,991435,990893,3919,15342883,991436,992397,962,15342893,15358537
543,3919,15358561,3923,15389929,544,992397,991854,3923,15358537,992398,994254,1857,15358591,15389909
544,3923,15389929,3929,15437041,545,994254,993710,3929,15389909,994255,997052,2798,15389939,15436943
545,3929,15437041,3931,15452761,546,997052,996507,3931,15436943,997053,997991,939,15437053,15452747
546,3931,15452761,3943,15547249,547,997991,997445,3943,15452747,997992,1003755,5764,15452771,15547247
547,3943,15547249,3947,15578809,548,1003755,1003208,3947,15547247,1003756,1005680,1925,15547261,15578807
548,3947,15578809,3967,15737089,549,1005680,1005132,3967,15578807,1005681,1015242,9562,15578819,15737081
549,3967,15737089,3989,15912121,550,1015242,1014693,3989,15737081,1015243,1025816,10574,15737101,15912079
550,3989,15912121,4001,16008001,551,1025816,1025266,4001,15912079,1025817,1031595,5779,15912131,16007993
551,4001,16008001,4003,16024009,552,1031595,1031044,4003,16007993,1031596,1032559,964,16008011,16024007
552,4003,16024009,4007,16056049,553,1032559,1032007,4007,16024007,1032560,1034458,1899,16024027,16056031
553,4007,16056049,4013,16104169,554,1034458,1033905,4013,16056031,1034459,1037374,2916,16056067,16104167
554,4013,16104169,4019,16152361,555,1037374,1036820,4019,16104167,1037375,1040269,2895,16104197,16152347
555,4019,16152361,4021,16168441,556,1040269,1039714,4021,16152347,1040270,1041218,949,16152379,16168433
556,4021,16168441,4027,16216729,557,1041218,1040662,4027,16168433,1041219,1044151,2933,16168447,16216723
557,4027,16216729,4049,16394401,558,1044151,1043594,4049,16216723,1044152,1054805,10654,16216741,16394393
558,4049,16394401,4051,16410601,559,1054805,1054247,4051,16394393,1054806,1055774,969,16394419,16410599
559,4051,16410601,4057,16459249,560,1055774,1055215,4057,16410599,1055775,1058702,2928,16410629,16459207
560,4057,16459249,4073,16589329,561,1058702,1058142,4073,16459207,1058703,1066526,7824,16459271,16589317
561,4073,16589329,4079,16638241,562,1066526,1065965,4079,16589317,1066527,1069486,2960,16589341,16638221
562,4079,16638241,4091,16736281,563,1069486,1068924,4091,16638221,1069487,1075400,5914,16638247,16736273
563,4091,16736281,4093,16752649,564,1075400,1074837,4093,16736273,1075401,1076379,979,16736297,16752647
564,4093,16752649,4099,16801801,565,1076379,1075815,4099,16752647,1076380,1079376,2997,16752653,16801793
565,4099,16801801,4111,16900321,566,1079376,1078811,4111,16801793,1079377,1085262,5886,16801819,16900309
566,4111,16900321,4127,17032129,567,1085262,1084696,4127,16900309,1085263,1093279,8017,16900337,17032123
567,4127,17032129,4129,17048641,568,1093279,1092712,4129,17032123,1093280,1094255,976,17032139,17048617
568,4129,17048641,4133,17081689,569,1094255,1093687,4133,17048617,1094256,1096249,1994,17048651,17081671
569,4133,17081689,4139,17131321,570,1096249,1095680,4139,17081671,1096250,1099221,2972,17081693,17131277
570,4139,17131321,4153,17247409,571,1099221,1098651,4153,17131277,1099222,1106119,6898,17131327,17247407
571,4153,17247409,4157,17280649,572,1106119,1105548,4157,17247407,1106120,1108099,1980,17247413,17280611
572,4157,17280649,4159,17297281,573,1108099,1107527,4159,17280611,1108100,1109119,1020,17280667,17297263
573,4159,17297281,4177,17447329,574,1109119,1108546,4177,17297263,1109120,1118197,9078,17297297,17447323
574,4177,17447329,4201,17648401,575,1118197,1117623,4201,17447323,1118198,1130310,12113,17447351,17648387
575,4201,17648401,4211,17732521,576,1130310,1129735,4211,17648387,1130311,1135307,4997,17648461,17732483
576,4211,17732521,4217,17783089,577,1135307,1134731,4217,17732483,1135308,1138306,2999,17732531,17783063
577,4217,17783089,4219,17799961,578,1138306,1137729,4219,17783063,1138307,1139342,1036,17783111,17799959
578,4219,17799961,4229,17884441,579,1139342,1138764,4229,17799959,1139343,1144378,5036,17799967,17884439
579,4229,17884441,4231,17901361,580,1144378,1143799,4231,17884439,1144379,1145393,1015,17884457,17901349
580,4231,17901361,4241,17986081,581,1145393,1144813,4241,17901349,1145394,1150537,5144,17901427,17986079
581,4241,17986081,4243,18003049,582,1150537,1149956,4243,17986079,1150538,1151552,1015,17986093,18003023
582,4243,18003049,4253,18088009,583,1151552,1150970,4253,18003023,1151553,1156534,4982,18003067,18087991
583,4253,18088009,4259,18139081,584,1156534,1155951,4259,18087991,1156535,1159607,3073,18088027,18139073
584,4259,18139081,4261,18156121,585,1159607,1159023,4261,18139073,1159608,1160620,1013,18139087,18156107
585,4261,18156121,4271,18241441,586,1160620,1160035,4271,18156107,1160621,1165747,5127,18156133,18241439
586,4271,18241441,4273,18258529,587,1165747,1165161,4273,18241439,1165748,1166760,1013,18241451,18258517
587,4273,18258529,4283,18344089,588,1166760,1166173,4283,18258517,1166761,1171921,5161,18258547,18344083
588,4283,18344089,4289,18395521,589,1171921,1171333,4289,18344083,1171922,1174943,3022,18344093,18395473
589,4289,18395521,4297,18464209,590,1174943,1174354,4297,18395473,1174944,1179075,4132,18395527,18464203
590,4297,18464209,4327,18722929,591,1179075,1178485,4327,18464203,1179076,1194474,15399,18464231,18722909
591,4327,18722929,4337,18809569,592,1194474,1193883,4337,18722909,1194475,1199677,5203,18722941,18809521
592,4337,18809569,4339,18826921,593,1199677,1199085,4339,18809521,1199678,1200712,1035,18809597,18826901
593,4339,18826921,4349,18913801,594,1200712,1200119,4349,18826901,1200713,1205865,5153,18826937,18913799
594,4349,18913801,4357,18983449,595,1205865,1205271,4357,18913799,1205866,1210040,4175,18913819,18983423
595,4357,18983449,4363,19035769,596,1210040,1209445,4363,18983423,1210041,1213178,3138,18983467,19035763
596,4363,19035769,4373,19123129,597,1213178,1212582,4373,19035763,1213179,1218369,5191,19035791,19123127
597,4373,19123129,4391,19280881,598,1218369,1217772,4391,19123127,1218370,1227746,9377,19123133,19280869
598,4391,19280881,4397,19333609,599,1227746,1227148,4397,19280869,1227747,1230910,3164,19280887,19333597
599,4397,19333609,4409,19439281,600,1230910,1230311,4409,19333597,1230911,1237249,6339,19333619,19439267
600,4409,19439281,4421,19545241,601,1237249,1236649,4421,19439267,1237250,1243513,6264,19439317,19545203
601,4421,19545241,4423,19562929,602,1243513,1242912,4423,19545203,1243514,1244534,1021,19545247,19562927
602,4423,19562929,4441,19722481,603,1244534,1243932,4441,19562927,1244535,1254032,9498,19562957,19722473
603,4441,19722481,4447,19775809,604,1254032,1253429,4447,19722473,1254033,1257225,3193,19722487,19775801
604,4447,19775809,4451,19811401,605,1257225,1256621,4451,19775801,1257226,1259375,2150,19775831,19811399
605,4451,19811401,4457,19864849,606,1259375,1258770,4457,19811399,1259376,1262554,3179,19811411,19864837
606,4457,19864849,4463,19918369,607,1262554,1261948,4463,19864837,1262555,1265724,3170,19864903,19918361
607,4463,19918369,4481,20079361,608,1265724,1265117,4481,19918361,1265725,1275358,9634,19918429,20079343
608,4481,20079361,4483,20097289,609,1275358,1274750,4483,20079343,1275359,1276424,1066,20079373,20097263
609,4483,20097289,4493,20187049,610,1276424,1275815,4493,20097263,1276425,1281762,5338,20097293,20187043
610,4493,20187049,4507,20313049,611,1281762,1281152,4507,20187043,1281763,1289193,7431,20187059,20313047
611,4507,20313049,4513,20367169,612,1289193,1288582,4513,20313047,1289194,1292414,3221,20313067,20367143
612,4513,20367169,4517,20403289,613,1292414,1291802,4517,20367143,1292415,1294554,2140,20367181,20403241
613,4517,20403289,4519,20421361,614,1294554,1293941,4519,20403241,1294555,1295594,1040,20403293,20421347
614,4519,20421361,4523,20457529,615,1295594,1294980,4523,20421347,1295595,1297730,2136,20421367,20457517
615,4523,20457529,4547,20675209,616,1297730,1297115,4547,20457517,1297731,1310668,12938,20457533,20675203
616,4547,20675209,4549,20693401,617,1310668,1310052,4549,20675203,1310669,1311785,1117,20675227,20693389
617,4549,20693401,4561,20802721,618,1311785,1311168,4561,20693389,1311786,1318284,6499,20693423,20802709
618,4561,20802721,4567,20857489,619,1318284,1317666,4567,20802709,1318285,1321493,3209,20802757,20857483
619,4567,20857489,4583,21003889,620,1321493,1320874,4583,20857483,1321494,1330186,8693,20857511,21003887
620,4583,21003889,4591,21077281,621,1330186,1329566,4591,21003887,1330187,1334564,4378,21003893,21077257
621,4591,21077281,4597,21132409,622,1334564,1333943,4597,21077257,1334565,1337806,3242,21077299,21132383
622,4597,21132409,4603,21187609,623,1337806,1337184,4603,21132383,1337807,1341053,3247,21132481,21187597
623,4603,21187609,4621,21353641,624,1341053,1340430,4621,21187597,1341054,1350902,9849,21187619,21353639
624,4621,21353641,4637,21501769,625,1350902,1350278,4637,21353639,1350903,1359728,8826,21353711,21501737
625,4637,21501769,4639,21520321,626,1359728,1359103,4639,21501737,1359729,1360783,1055,21501811,21520307
626,4639,21520321,4643,21557449,627,1360783,1360157,4643,21520307,1360784,1362968,2185,21520361,21557447
627,4643,21557449,4649,21613201,628,1362968,1362341,4649,21557447,1362969,1366311,3343,21557453,21613199
628,4649,21613201,4651,21631801,629,1366311,1365683,4651,21613199,1366312,1367402,1091,21613213,21631777
629,4651,21631801,4657,21687649,630,1367402,1366773,4657,21631777,1367403,1370688,3286,21631817,21687641
630,4657,21687649,4663,21743569,631,1370688,1370058,4663,21687641,1370689,1374032,3344,21687691,21743551
631,4663,21743569,4673,21836929,632,1374032,1373401,4673,21743551,1374033,1379563,5531,21743587,21836921
632,4673,21836929,4679,21893041,633,1379563,1378931,4679,21836921,1379564,1382898,3335,21836939,21893009
633,4679,21893041,4691,22005481,634,1382898,1382265,4691,21893009,1382899,1389585,6687,21893051,22005449
634,4691,22005481,4703,22118209,635,1389585,1388951,4703,22005449,1389586,1396215,6630,22005499,22118179
635,4703,22118209,4721,22287841,636,1396215,1395580,4721,22118179,1396216,1406144,9929,22118227,22287829
636,4721,22287841,4723,22306729,637,1406144,1405508,4723,22287829,1406145,1407278,1134,22287847,22306727
637,4723,22306729,4729,22363441,638,1407278,1406641,4729,22306727,1407279,1410609,3331,22306787,22363433
638,4729,22363441,4733,22401289,639,1410609,1409971,4733,22363433,1410610,1412842,2233,22363487,22401259
639,4733,22401289,4751,22572001,640,1412842,1412203,4751,22401259,1412843,1422950,10108,22401299,22571987
640,4751,22572001,4759,22648081,641,1422950,1422310,4759,22571987,1422951,1427418,4468,22572029,22648051
641,4759,22648081,4783,22877089,642,1427418,1426777,4783,22648051,1427419,1440970,13552,22648147,22877081
642,4783,22877089,4787,22915369,643,1440970,1440328,4787,22877081,1440971,1443243,2273,22877093,22915363
643,4787,22915369,4789,22934521,644,1443243,1442600,4789,22915363,1443244,1444373,1130,22915381,22934503
644,4789,22934521,4793,22972849,645,1444373,1443729,4793,22934503,1444374,1446626,2253,22934533,22972847
645,4793,22972849,4799,23030401,646,1446626,1445981,4799,22972847,1446627,1450061,3435,22972853,23030389
646,4799,23030401,4801,23049601,647,1450061,1449415,4801,23030389,1450062,1451190,1129,23030407,23049571
647,4801,23049601,4813,23164969,648,1451190,1450543,4813,23049571,1451191,1457980,6790,23049613,23164963
648,4813,23164969,4817,23203489,649,1457980,1457332,4817,23164963,1457981,1460236,2256,23164987,23203483
649,4817,23203489,4831,23338561,650,1460236,1459587,4831,23203483,1460237,1468220,7984,23203493,23338547
650,4831,23338561,4861,23629321,651,1468220,1467570,4861,23338547,1468221,1485341,17121,23338597,23629313
651,4861,23629321,4871,23726641,652,1485341,1484690,4871,23629313,1485342,1491046,5705,23629343,23726603
652,4871,23726641,4877,23785129,653,1491046,1490394,4877,23726603,1491047,1494494,3448,23726653,23785121
653,4877,23785129,4889,23902321,654,1494494,1493841,4889,23785121,1494495,1501354,6860,23785163,23902309
654,4889,23902321,4903,24039409,655,1501354,1500700,4903,23902309,1501355,1509454,8100,23902331,24039397
655,4903,24039409,4909,24098281,656,1509454,1508799,4909,24039397,1509455,1512895,3441,24039437,24098209
656,4909,24098281,4919,24196561,657,1512895,1512239,4919,24098209,1512896,1518707,5812,24098287,24196541
657,4919,24196561,4931,24314761,658,1518707,1518050,4931,24196541,1518708,1525710,7003,24196591,24314753
658,4931,24314761,4933,24334489,659,1525710,1525052,4933,24314753,1525711,1526859,1149,24314791,24334481
659,4933,24334489,4937,24373969,660,1526859,1526200,4937,24334481,1526860,1529184,2325,24334507,24373963
660,4937,24373969,4943,24433249,661,1529184,1528524,4943,24373963,1529185,1532689,3505,24374033,24433243
661,4943,24433249,4951,24512401,662,1532689,1532028,4951,24433243,1532690,1537316,4627,24433271,24512399
662,4951,24512401,4957,24571849,663,1537316,1536654,4957,24512399,1537317,1540805,3489,24512407,24571847
663,4957,24571849,4967,24671089,664,1540805,1540142,4967,24571847,1540806,1546627,5822,24571853,24671081
664,4967,24671089,4969,24690961,665,1546627,1545963,4969,24671081,1546628,1547843,1216,24671093,24690929
665,4969,24690961,4973,24730729,666,1547843,1547178,4973,24690929,1547844,1550200,2357,24691001,24730669
666,4973,24730729,4987,24870169,667,1550200,1549534,4987,24730669,1550201,1558341,8141,24730751,24870161
667,4987,24870169,4993,24930049,668,1558341,1557674,4993,24870161,1558342,1561828,3487,24870193,24930047
668,4993,24930049,4999,24990001,669,1561828,1561160,4999,24930047,1561829,1565356,3528,24930077,24989971
669,4999,24990001,5003,25030009,670,1565356,1564687,5003,24989971,1565357,1567707,2351,24990037,25029959
670,5003,25030009,5009,25090081,671,1567707,1567037,5009,25029959,1567708,1571238,3531,25030013,25090069
671,5009,25090081,5011,25110121,672,1571238,1570567,5011,25090069,1571239,1572425,1187,25090097,25110119
672,5011,25110121,5021,25210441,673,1572425,1571753,5021,25110119,1572426,1578248,5823,25110131,25210433
673,5021,25210441,5023,25230529,674,1578248,1577575,5023,25210433,1578249,1579405,1157,25210519,25230511
674,5023,25230529,5039,25391521,675,1579405,1578731,5039,25230511,1579406,1588819,9414,25230547,25391479
675,5039,25391521,5051,25512601,676,1588819,1588144,5051,25391479,1588820,1595892,7073,25391533,25512593
676,5051,25512601,5059,25593481,677,1595892,1595216,5059,25512593,1595893,1600664,4772,25512637,25593461
677,5059,25593481,5077,25775929,678,1600664,1599987,5077,25593461,1600665,1611360,10696,25593493,25775917
678,5077,25775929,5081,25816561,679,1611360,1610682,5081,25775917,1611361,1613772,2412,25775947,25816547
679,5081,25816561,5087,25877569,680,1613772,1613093,5087,25816547,1613773,1617337,3565,25816579,25877567
680,5087,25877569,5099,25999801,681,1617337,1616657,5099,25877567,1617338,1624517,7180,25877573,25999751
681,5099,25999801,5101,26020201,682,1624517,1623836,5101,25999751,1624518,1625695,1178,25999807,26020157
682,5101,26020201,5107,26081449,683,1625695,1625013,5107,26020157,1625696,1629273,3578,26020207,26081437
683,5107,26081449,5113,26142769,684,1629273,1628590,5113,26081437,1629274,1632890,3617,26081477,26142737
684,5113,26142769,5119,26204161,685,1632890,1632206,5119,26142737,1632891,1636443,3553,26142773,26204159
685,5119,26204161,5147,26491609,686,1636443,1635758,5147,26204159,1636444,1653302,16859,26204203,26491603
686,5147,26491609,5153,26553409,687,1653302,1652616,5153,26491603,1653303,1656951,3649,26491613,26553407
687,5153,26553409,5167,26697889,688,1656951,1656264,5167,26553407,1656952,1665404,8453,26553413,26697877
688,5167,26697889,5171,26739241,689,1665404,1664716,5171,26697877,1665405,1667806,2402,26697899,26739227
689,5171,26739241,5179,26822041,690,1667806,1667117,5179,26739227,1667807,1672617,4811,26739259,26822027
690,5179,26822041,5189,26925721,691,1672617,1671927,5189,26822027,1672618,1678700,6083,26822087,26925707
691,5189,26925721,5197,27008809,692,1678700,1678009,5197,26925707,1678701,1683586,4886,26925727,27008803
692,5197,27008809,5209,27133681,693,1683586,1682894,5209,27008803,1683587,1690906,7320,27008819,27133679
693,5209,27133681,5227,27321529,694,1690906,1690213,5227,27133679,1690907,1701809,10903,27133693,27321517
694,5227,27321529,5231,27363361,695,1701809,1701115,5231,27321517,1701810,1704257,2448,27321583,27363341
695,5231,27363361,5233,27384289,696,1704257,1703562,5233,27363341,1704258,1705462,1205,27363367,27384277
696,5233,27384289,5237,27426169,697,1705462,1704766,5237,27384277,1705463,1707923,2461,27384337,27426137
697,5237,27426169,5261,27678121,698,1707923,1707226,5261,27426137,1707924,1722662,14739,27426181,27678103
698,5261,27678121,5273,27804529,699,1722662,1721964,5273,27678103,1722663,1730033,7371,27678163,27804509
699,5273,27804529,5279,27867841,700,1730033,1729334,5279,27804509,1730034,1733679,3646,27804547,27867839
700,5279,27867841,5281,27888961,701,1733679,1732979,5281,27867839,1733680,1734929,1250,27867857,27888947
701,5281,27888961,5297,28058209,702,1734929,1734228,5297,27888947,1734930,1744825,9896,27888989,28058189
702,5297,28058209,5303,28121809,703,1744825,1744123,5303,28058189,1744826,1748527,3702,28058213,28121803
703,5303,28121809,5309,28185481,704,1748527,1747824,5309,28121803,1748528,1752240,3713,28121827,28185467
704,5309,28185481,5323,28334329,705,1752240,1751536,5323,28185467,1752241,1760990,8750,28185503,28334311
705,5323,28334329,5333,28440889,706,1760990,1760285,5333,28334311,1760991,1767140,6150,28334333,28440887
706,5333,28440889,5347,28590409,707,1767140,1766434,5347,28440887,1767141,1775889,8749,28440899,28590391
707,5347,28590409,5351,28633201,708,1775889,1775182,5351,28590391,1775890,1778387,2498,28590437,28633147
708,5351,28633201,5381,28955161,709,1778387,1777679,5381,28633147,1778388,1797079,18692,28633223,28955141
709,5381,28955161,5387,29019769,710,1797079,1796370,5387,28955141,1797080,1800818,3739,28955167,29019761
710,5387,29019769,5393,29084449,711,1800818,1800108,5393,29019761,1800819,1804579,3761,29019787,29084431
711,5393,29084449,5399,29149201,712,1804579,1803868,5399,29084431,1804580,1808325,3746,29084483,29149199
712,5399,29149201,5407,29235649,713,1808325,1807613,5407,29149199,1808326,1813301,4976,29149223,29235637
713,5407,29235649,5413,29300569,714,1813301,1812588,5413,29235637,1813302,1817134,3833,29235659,29300563
714,5413,29300569,5417,29343889,715,1817134,1816420,5417,29300563,1817135,1819656,2522,29300581,29343871
715,5417,29343889,5419,29365561,716,1819656,1818941,5419,29343871,1819657,1820960,1304,29343907,29365547
716,5419,29365561,5431,29495761,717,1820960,1820244,5431,29365547,1820961,1828461,7501,29365571,29495717
717,5431,29495761,5437,29560969,718,1828461,1827744,5437,29495717,1828462,1832243,3782,29495773,29560939
718,5437,29560969,5441,29604481,719,1832243,1831525,5441,29560939,1832244,1834776,2533,29561009,29604469
719,5441,29604481,5443,29626249,720,1834776,1834057,5443,29604469,1834777,1836053,1277,29604503,29626243
720,5443,29626249,5449,29691601,721,1836053,1835333,5449,29626243,1836054,1839855,3802,29626279,29691593
721,5449,29691601,5471,29931841,722,1839855,1839134,5471,29691593,1839856,1853837,13982,29691611,29931817
722,5471,29931841,5477,29997529,723,1853837,1853115,5477,29931817,1853838,1857718,3881,29931887,29997521
723,5477,29997529,5479,30019441,724,1857718,1856995,5479,29997521,1857719,1859018,1300,29997533,30019387
724,5479,30019441,5483,30063289,725,1859018,1858294,5483,30019387,1859019,1861571,2553,30019471,30063287
725,5483,30063289,5501,30261001,726,1861571,1860846,5501,30063287,1861572,1873083,11512,30063353,30260999
726,5501,30261001,5503,30283009,727,1873083,1872357,5503,30260999,1873084,1874374,1291,30261017,30282971
727,5503,30283009,5507,30327049,728,1874374,1873647,5507,30282971,1874375,1876941,2567,30283013,30327043
728,5507,30327049,5519,30459361,729,1876941,1876213,5519,30327043,1876942,1884567,7626,30327067,30459353
729,5519,30459361,5521,30481441,730,1884567,1883838,5521,30459353,1884568,1885848,1281,30459371,30481433
730,5521,30481441,5527,30547729,731,1885848,1885118,5527,30481433,1885849,1889725,3877,30481447,30547723
731,5527,30547729,5531,30591961,732,1889725,1888994,5531,30547723,1889726,1892294,2569,30547739,30591931
732,5531,30591961,5557,30880249,733,1892294,1891562,5557,30591931,1892295,1909101,16807,30591989,30880219
733,5557,30880249,5563,30946969,734,1909101,1908368,5563,30880219,1909102,1912964,3863,30880253,30946961
734,5563,30946969,5569,31013761,735,1912964,1912230,5569,30946961,1912965,1916785,3821,30946999,31013747
735,5569,31013761,5573,31058329,736,1916785,1916050,5573,31013747,1916786,1919323,2538,31013779,31058327
736,5573,31058329,5581,31147561,737,1919323,1918587,5581,31058327,1919324,1924504,5181,31058347,31147559
737,5581,31147561,5591,31259281,738,1924504,1923767,5591,31147559,1924505,1930914,6410,31147601,31259269
738,5591,31259281,5623,31618129,739,1930914,1930176,5623,31259269,1930915,1951683,20769,31259287,31618127
739,5623,31618129,5639,31798321,740,1951683,1950944,5639,31618127,1951684,1962076,10393,31618133,31798307
740,5639,31798321,5641,31820881,741,1962076,1961336,5641,31798307,1962077,1963416,1340,31798331,31820869
741,5641,31820881,5647,31888609,742,1963416,1962675,5647,31820869,1963417,1967374,3958,31820897,31888601
742,5647,31888609,5651,31933801,743,1967374,1966632,5651,31888601,1967375,1969957,2583,31888643,31933799
743,5651,31933801,5653,31956409,744,1969957,1969214,5653,31933799,1969958,1971274,1317,31933807,31956391
744,5653,31956409,5657,32001649,745,1971274,1970530,5657,31956391,1971275,1973915,2641,31956433,32001631
745,5657,32001649,5659,32024281,746,1973915,1973170,5659,32001631,1973916,1975194,1279,32001653,32024269
746,5659,32024281,5669,32137561,747,1975194,1974448,5669,32024269,1975195,1981758,6564,32024339,32137549
747,5669,32137561,5683,32296489,748,1981758,1981011,5683,32137549,1981759,1990949,9191,32137577,32296487
748,5683,32296489,5689,32364721,749,1990949,1990201,5689,32296487,1990950,1994913,3964,32296493,32364707
749,5689,32364721,5693,32410249,750,1994913,1994164,5693,32364707,1994914,1997536,2623,32364727,32410247
750,5693,32410249,5701,32501401,751,1997536,1996786,5701,32410247,1997537,2002827,5291,32410271,32501377
751,5701,32501401,5711,32615521,752,2002827,2002076,5711,32501377,2002828,2009463,6636,32501407,32615519
752,5711,32615521,5717,32684089,753,2009463,2008711,5717,32615519,2009464,2013395,3932,32615549,32684083
753,5717,32684089,5737,32913169,754,2013395,2012642,5737,32684083,2013396,2026605,13210,32684143,32913151
754,5737,32913169,5741,32959081,755,2026605,2025851,5741,32913151,2026606,2029305,2700,32913211,32959063
755,5741,32959081,5743,32982049,756,2029305,2028550,5743,32959063,2029306,2030637,1332,32959097,32982017
756,5743,32982049,5749,33051001,757,2030637,2029881,5749,32982017,2030638,2034587,3950,32982073,33050999
757,5749,33051001,5779,33396841,758,2034587,2033830,5779,33050999,2034588,2054628,20041,33051017,33396833
758,5779,33396841,5783,33443089,759,2054628,2053870,5783,33396833,2054629,2057296,2668,33396859,33443083
759,5783,33443089,5791,33535681,760,2057296,2056537,5791,33443083,2057297,2062592,5296,33443099,33535651
760,5791,33535681,5801,33651601,761,2062592,2061832,5801,33535651,2062593,2069280,6688,33535693,33651589
761,5801,33651601,5807,33721249,762,2069280,2068519,5807,33651589,2069281,2073298,4018,33651623,33721223
762,5807,33721249,5813,33790969,763,2073298,2072536,5813,33721223,2073299,2077355,4057,33721253,33790963
763,5813,33790969,5821,33884041,764,2077355,2076592,5821,33790963,2077356,2082764,5409,33790997,33884033
764,5821,33884041,5827,33953929,765,2082764,2082000,5827,33884033,2082765,2086730,3966,33884057,33953921
765,5827,33953929,5839,34093921,766,2086730,2085965,5839,33953921,2086731,2094748,8018,33953951,34093907
766,5839,34093921,5843,34140649,767,2094748,2093982,5843,34093907,2094749,2097430,2682,34093967,34140643
767,5843,34140649,5849,34210801,768,2097430,2096663,5849,34140643,2097431,2101424,3994,34140679,34210753
768,5849,34210801,5851,34234201,769,2101424,2100656,5851,34210753,2101425,2102753,1329,34210837,34234177
769,5851,34234201,5857,34304449,770,2102753,2101984,5857,34234177,2102754,2106797,4044,34234229,34304447
770,5857,34304449,5861,34351321,771,2106797,2106027,5861,34304447,2106798,2109439,2642,34304461,34351309
771,5861,34351321,5867,34421689,772,2109439,2108668,5867,34351309,2109440,2113474,4035,34351327,34421671
772,5867,34421689,5869,34445161,773,2113474,2112702,5869,34421671,2113475,2114809,1335,34421693,34445129
773,5869,34445161,5879,34562641,774,2114809,2114036,5879,34445129,2114810,2121632,6823,34445167,34562623
774,5879,34562641,5881,34586161,775,2121632,2120858,5881,34562623,2121633,2122991,1359,34562651,34586131
775,5881,34586161,5897,34774609,776,2122991,2122216,5897,34586131,2122992,2133745,10754,34586191,34774559
776,5897,34774609,5903,34845409,777,2133745,2132969,5903,34774559,2133746,2137803,4058,34774633,34845403
777,5903,34845409,5923,35081929,778,2137803,2137026,5923,34845403,2137804,2151434,13631,34845413,35081927
778,5923,35081929,5927,35129329,779,2151434,2150656,5927,35081927,2151435,2154173,2739,35081933,35129321
779,5927,35129329,5939,35271721,780,2154173,2153394,5939,35129321,2154174,2162401,8228,35129357,35271703
780,5939,35271721,5953,35438209,781,2162401,2161621,5953,35271703,2162402,2171984,9583,35271737,35438191
781,5953,35438209,5981,35772361,782,2171984,2171203,5981,35438191,2171985,2191194,19210,35438213,35772343
782,5981,35772361,5987,35844169,783,2191194,2190412,5987,35772343,2191195,2195336,4142,35772371,35844167
783,5987,35844169,6007,36084049,784,2195336,2194553,6007,35844167,2195337,2209089,13753,35844197,36084023
784,6007,36084049,6011,36132121,785,2209089,2208305,6011,36084023,2209090,2211879,2790,36084067,36132119
785,6011,36132121,6029,36348841,786,2211879,2211094,6029,36132119,2211880,2224374,12495,36132127,36348821
786,6029,36348841,6037,36445369,787,2224374,2223588,6037,36348821,2224375,2229863,5489,36348859,36445361
787,6037,36445369,6043,36517849,788,2229863,2229076,6043,36445361,2229864,2234067,4204,36445403,36517847
788,6043,36517849,6047,36566209,789,2234067,2233279,6047,36517847,2234068,2236809,2742,36517883,36566197
789,6047,36566209,6053,36638809,790,2236809,2236020,6053,36566197,2236810,2240978,4169,36566213,36638761
790,6053,36638809,6067,36808489,791,2240978,2240188,6067,36638761,2240979,2250704,9726,36638813,36808483
791,6067,36808489,6073,36881329,792,2250704,2249913,6073,36808483,2250705,2254863,4159,36808517,36881321
792,6073,36881329,6079,36954241,793,2254863,2254071,6079,36881321,2254864,2258977,4114,36881353,36954233
793,6079,36954241,6089,37075921,794,2258977,2258184,6089,36954233,2258978,2265992,7015,36954251,37075867
794,6089,37075921,6091,37100281,795,2265992,2265198,6091,37075867,2265993,2267409,1417,37075937,37100257
795,6091,37100281,6101,37222201,796,2267409,2266614,6101,37100257,2267410,2274458,7049,37100299,37222187
796,6101,37222201,6113,37368769,797,2274458,2273662,6113,37222187,2274459,2282824,8366,37222217,37368743
797,6113,37368769,6121,37466641,798,2282824,2282027,6121,37368743,2282825,2288410,5586,37368803,37466621
798,6121,37466641,6131,37589161,799,2288410,2287612,6131,37466621,2288411,2295455,7045,37466647,37589131
799,6131,37589161,6133,37613689,800,2295455,2294656,6133,37589131,2295456,2296879,1424,37589173,37613683
800,6133,37613689,6143,37736449,801,2296879,2296079,6143,37613683,2296880,2303938,7059,37613699,37736431
801,6143,37736449,6151,37834801,802,2303938,2303137,6151,37736431,2303939,2309538,5600,37736467,37834733
802,6151,37834801,6163,37982569,803,2309538,2308736,6163,37834733,2309539,2317974,8436,37834813,37982563
803,6163,37982569,6173,38105929,804,2317974,2317171,6173,37982563,2317975,2325083,7109,37982587,38105923
804,6173,38105929,6197,38402809,805,2325083,2324279,6197,38105923,2325084,2342160,17077,38105939,38402797
805,6197,38402809,6199,38427601,806,2342160,2341355,6199,38402797,2342161,2343590,1430,38402843,38427563
806,6199,38427601,6203,38477209,807,2343590,2342784,6203,38427563,2343591,2346430,2840,38427607,38477203
807,6203,38477209,6211,38576521,808,2346430,2345623,6211,38477203,2346431,2352081,5651,38477213,38576513
808,6211,38576521,6217,38651089,809,2352081,2351273,6217,38576513,2352082,2356339,4258,38576537,38651087
809,6217,38651089,6221,38700841,810,2356339,2355530,6221,38651087,2356340,2359188,2849,38651101,38700839
810,6221,38700841,6229,38800441,811,2359188,2358378,6229,38700839,2359189,2364973,5785,38700863,38800393
811,6229,38800441,6247,39025009,812,2364973,2364162,6247,38800393,2364974,2377830,12857,38800459,39024983
812,6247,39025009,6257,39150049,813,2377830,2377018,6257,39024983,2377831,2384993,7163,39025027,39150037
813,6257,39150049,6263,39225169,814,2384993,2384180,6263,39150037,2384994,2389283,4290,39150061,39225091
814,6263,39225169,6269,39300361,815,2389283,2388469,6269,39225091,2389284,2393649,4366,39225191,39300337
815,6269,39300361,6271,39325441,816,2393649,2392834,6271,39300337,2393650,2395117,1468,39300407,39325411
816,6271,39325441,6277,39400729,817,2395117,2394301,6277,39325411,2395118,2399398,4281,39325513,39400703
817,6277,39400729,6287,39526369,818,2399398,2398581,6287,39400703,2399399,2406643,7245,39400733,39526367
818,6287,39526369,6299,39677401,819,2406643,2405825,6299,39526367,2406644,2415322,8679,39526373,39677399
819,6299,39677401,6301,39702601,820,2415322,2414503,6301,39677399,2415323,2416772,1450,39677413,39702569
820,6301,39702601,6311,39828721,821,2416772,2415952,6311,39702569,2416773,2423932,7160,39702629,39828713
821,6311,39828721,6317,39904489,822,2423932,2423111,6317,39828713,2423933,2428239,4307,39828749,39904477
822,6317,39904489,6323,39980329,823,2428239,2427417,6323,39904477,2428240,2432536,4297,39904511,39980327
823,6323,39980329,6329,40056241,824,2432536,2431713,6329,39980327,2432537,2436839,4303,39980341,40056229
824,6329,40056241,6337,40157569,825,2436839,2436015,6337,40056229,2436840,2442661,5822,40056253,40157567
825,6337,40157569,6343,40233649,826,2442661,2441836,6343,40157567,2442662,2446967,4306,40157591,40233631
826,6343,40233649,6353,40360609,827,2446967,2446141,6353,40233631,2446968,2454313,7346,40233667,40360603
827,6353,40360609,6359,40436881,828,2454313,2453486,6359,40360603,2454314,2458650,4337,40360627,40436867
828,6359,40436881,6361,40462321,829,2458650,2457822,6361,40436867,2458651,2460085,1435,40436909,40462319
829,6361,40462321,6367,40538689,830,2460085,2459256,6367,40462319,2460086,2464472,4387,40462339,40538683
830,6367,40538689,6373,40615129,831,2464472,2463642,6373,40538683,2464473,2468759,4287,40538737,40615123
831,6373,40615129,6379,40691641,832,2468759,2467928,6379,40615123,2468760,2473104,4345,40615139,40691633
832,6379,40691641,6389,40819321,833,2473104,2472272,6389,40691633,2473105,2480497,7393,40691647,40819291
833,6389,40819321,6397,40921609,834,2480497,2479664,6397,40819291,2480498,2486282,5785,40819333,40921603
834,6397,40921609,6421,41229241,835,2486282,2485448,6421,40921603,2486283,2503867,17585,40921619,41229197
835,6421,41229241,6427,41306329,836,2503867,2503032,6427,41229197,2503868,2508202,4335,41229277,41306327
836,6427,41306329,6449,41589601,837,2508202,2507366,6449,41306327,2508203,2524305,16103,41306339,41589563
837,6449,41589601,6451,41615401,838,2524305,2523468,6451,41589563,2524306,2525737,1432,41589641,41615393
838,6451,41615401,6469,41847961,839,2525737,2524899,6469,41615393,2525738,2539067,13330,41615407,41847943
839,6469,41847961,6473,41899729,840,2539067,2538228,6473,41847943,2539068,2542010,2943,41847977,41899717
840,6473,41899729,6481,42003361,841,2542010,2541170,6481,41899717,2542011,2547806,5796,41899763,42003337
841,6481,42003361,6491,42133081,842,2547806,2546965,6491,42003337,2547807,2555174,7368,42003371,42133073
842,6491,42133081,6521,42523441,843,2555174,2554332,6521,42133073,2555175,2577532,22358,42133093,42523433
843,6521,42523441,6529,42627841,844,2577532,2576689,6529,42523433,2577533,2583431,5899,42523451,42627833
844,6529,42627841,6547,42863209,845,2583431,2582587,6547,42627833,2583432,2596843,13412,42627863,42863203
845,6547,42863209,6551,42915601,846,2596843,2595998,6551,42863203,2596844,2599747,2904,42863213,42915581
846,6551,42915601,6553,42941809,847,2599747,2598901,6553,42915581,2599748,2601257,1510,42915611,42941797
847,6553,42941809,6563,43072969,848,2601257,2600410,6563,42941797,2601258,2608645,7388,42941831,43072961
848,6563,43072969,6569,43151761,849,2608645,2607797,6569,43072961,2608646,2613152,4507,43072979,43151743
849,6569,43151761,6571,43178041,850,2613152,2612303,6571,43151743,2613153,2614665,1513,43151767,43178039
850,6571,43178041,6577,43256929,851,2614665,2613815,6577,43178039,2614666,2619138,4473,43178053,43256911
851,6577,43256929,6581,43309561,852,2619138,2618287,6581,43256911,2619139,2622127,2989,43256933,43309547
852,6581,43309561,6599,43546801,853,2622127,2621275,6599,43309547,2622128,2635676,13549,43309577,43546799
853,6599,43546801,6607,43652449,854,2635676,2634823,6607,43546799,2635677,2641653,5977,43546807,43652419
854,6607,43652449,6619,43811161,855,2641653,2640799,6619,43652419,2641654,2650601,8948,43652461,43811147
855,6619,43811161,6637,44049769,856,2650601,2649746,6637,43811147,2650602,2664215,13614,43811177,44049767
856,6637,44049769,6653,44262409,857,2664215,2663359,6653,44049767,2664216,2676219,12004,44049781,44262377
857,6653,44262409,6659,44342281,858,2676219,2675362,6659,44262377,2676220,2680799,4580,44262433,44342261
858,6659,44342281,6661,44368921,859,2680799,2679941,6661,44342261,2680800,2682302,1503,44342293,44368879
859,6661,44368921,6673,44528929,860,2682302,2681443,6673,44368879,2682303,2691382,9080,44368937,44528921
860,6673,44528929,6679,44609041,861,2691382,2690522,6679,44528921,2691383,2695976,4594,44528941,44609023
861,6679,44609041,6689,44742721,862,2695976,2695115,6689,44609023,2695977,2703582,7606,44609051,44742713
862,6689,44742721,6691,44769481,863,2703582,2702720,6691,44742713,2703583,2705145,1563,44742743,44769479
863,6691,44769481,6701,44903401,864,2705145,2704282,6701,44769479,2705146,2712686,7541,44769497,44903393
864,6701,44903401,6703,44930209,865,2712686,2711822,6703,44903393,2712687,2714204,1518,44903431,44930203
865,6703,44930209,6709,45010681,866,2714204,2713339,6709,44930203,2714205,2718775,4571,44930213,45010649
866,6709,45010681,6719,45144961,867,2718775,2717909,6719,45010649,2718776,2726431,7656,45010699,45144947
867,6719,45144961,6733,45333289,868,2726431,2725564,6733,45144947,2726432,2737189,10758,45144997,45333283
868,6733,45333289,6737,45387169,869,2737189,2736321,6737,45333283,2737190,2740254,3065,45333313,45387151
869,6737,45387169,6761,45711121,870,2740254,2739385,6761,45387151,2740255,2758683,18429,45387179,45711109
870,6761,45711121,6763,45738169,871,2758683,2757813,6763,45711109,2758684,2760198,1515,45711157,45738167
871,6763,45738169,6779,45954841,872,2760198,2759327,6779,45738167,2760199,2772530,12332,45738221,45954833
872,6779,45954841,6781,45981961,873,2772530,2771658,6781,45954833,2772531,2774010,1480,45954847,45981953
873,6781,45981961,6791,46117681,874,2774010,2773137,6791,45981953,2774011,2781705,7695,45981973,46117667
874,6791,46117681,6793,46144849,875,2781705,2780831,6793,46117667,2781706,2783224,1519,46117703,46144837
875,6793,46144849,6803,46280809,876,2783224,2782349,6803,46144837,2783225,2790917,7693,46144859,46280803
876,6803,46280809,6823,46553329,877,2790917,2790041,6823,46280803,2790918,2806343,15426,46280813,46553321
877,6823,46553329,6827,46607929,878,2806343,2805466,6827,46553321,2806344,2809459,3116,46553333,46607923
878,6827,46607929,6829,46635241,879,2809459,2808581,6829,46607923,2809460,2811017,1558,46607933,46635227
879,6829,46635241,6833,46689889,880,2811017,2810138,6833,46635227,2811018,2814114,3097,46635271,46689829
880,6833,46689889,6841,46799281,881,2814114,2813234,6841,46689829,2814115,2820323,6209,46689917,46799257
881,6841,46799281,6857,47018449,882,2820323,2819442,6857,46799257,2820324,2832731,12408,46799293,47018443
882,6857,47018449,6863,47100769,883,2832731,2831849,6863,47018443,2832732,2837308,4577,47018507,47100763
883,6863,47100769,6869,47183161,884,2837308,2836425,6869,47100763,2837309,2842022,4714,47100787,47183153
884,6869,47183161,6871,47210641,885,2842022,2841138,6871,47183153,2842023,2843615,1593,47183173,47210629
885,6871,47210641,6883,47375689,886,2843615,2842730,6883,47210629,2843616,2852927,9312,47210663,47375687
886,6883,47375689,6899,47596201,887,2852927,2852041,6899,47375687,2852928,2865387,12460,47375717,47596193
887,6899,47596201,6907,47706649,888,2865387,2864500,6907,47596193,2865388,2871594,6207,47596231,47706629
888,6907,47706649,6911,47761921,889,2871594,2870706,6911,47706629,2871595,2874684,3090,47706683,47761919
889,6911,47761921,6917,47844889,890,2874684,2873795,6917,47761919,2874685,2879395,4711,47761933,47844877
890,6917,47844889,6947,48260809,891,2879395,2878505,6947,47844877,2879396,2902799,23404,47844913,48260801
891,6947,48260809,6949,48288601,892,2902799,2901908,6949,48260801,2902800,2904391,1592,48260833,48288571
892,6949,48288601,6959,48427681,893,2904391,2903499,6959,48288571,2904392,2912252,7861,48288623,48427661
893,6959,48427681,6961,48455521,894,2912252,2911359,6961,48427661,2912253,2913803,1551,48427697,48455513
894,6961,48455521,6967,48539089,895,2913803,2912909,6967,48455513,2913804,2918568,4765,48455531,48539083
895,6967,48539089,6971,48594841,896,2918568,2917673,6971,48539083,2918569,2921712,3144,48539137,48594827
896,6971,48594841,6977,48678529,897,2921712,2920816,6977,48594827,2921713,2926395,4683,48594853,48678491
897,6977,48678529,6983,48762289,898,2926395,2925498,6983,48678491,2926396,2931074,4679,48678533,48762283
898,6983,48762289,6991,48874081,899,2931074,2930176,6991,48762283,2931075,2937435,6361,48762313,48874051
899,6991,48874081,6997,48958009,900,2937435,2936536,6997,48874051,2937436,2942171,4736,48874087,48958001
900,6997,48958009,7001,49014001,901,2942171,2941271,7001,48958001,2942172,2945318,3147,48958027,49013971
901,7001,49014001,7013,49182169,902,2945318,2944417,7013,49013971,2945319,2954799,9481,49014019,49182149
902,7013,49182169,7019,49266361,903,2954799,2953897,7019,49182149,2954800,2959613,4814,49182187,49266353
903,7019,49266361,7027,49378729,904,2959613,2958710,7027,49266353,2959614,2965943,6330,49266377,49378709
904,7027,49378729,7039,49547521,905,2965943,2965039,7039,49378709,2965944,2975545,9602,49378751,49547513
905,7039,49547521,7043,49603849,906,2975545,2974640,7043,49547513,2975546,2978767,3222,49547549,49603831
906,7043,49603849,7057,49801249,907,2978767,2977861,7057,49603831,2978768,2989892,11125,49603859,49801243
907,7057,49801249,7069,49970761,908,2989892,2988985,7069,49801243,2989893,2999480,9588,49801259,49970749
908,7069,49970761,7079,50112241,909,2999480,2998572,7079,49970749,2999481,3007425,7945,49970797,50112229
909,7079,50112241,7103,50452609,910,3007425,3006516,7103,50112229,3007426,3026604,19179,50112247,50452603
910,7103,50452609,7109,50537881,911,3026604,3025694,7109,50452603,3026605,3031444,4840,50452613,50537869
911,7109,50537881,7121,50708641,912,3031444,3030533,7121,50537869,3031445,3041074,9630,50537897,50708621
912,7121,50708641,7127,50794129,913,3041074,3040162,7127,50708621,3041075,3045927,4853,50708657,50794127
913,7127,50794129,7129,50822641,914,3045927,3045014,7129,50794127,3045928,3047533,1606,50794157,50822621
914,7129,50822641,7151,51136801,915,3047533,3046619,7151,50822621,3047534,3065176,17643,50822677,51136793
915,7151,51136801,7159,51251281,916,3065176,3064261,7159,51136793,3065177,3071601,6425,51136807,51251269
916,7159,51251281,7177,51509329,917,3071601,3070685,7177,51251269,3071602,3086157,14556,51251287,51509327
917,7177,51509329,7187,51652969,918,3086157,3085240,7187,51509327,3086158,3094264,8107,51509333,51652967
918,7187,51652969,7193,51739249,919,3094264,3093346,7193,51652967,3094265,3099091,4827,51652981,51739243
919,7193,51739249,7207,51940849,920,3099091,3098172,7207,51739243,3099092,3110517,11426,51739267,51940843
920,7207,51940849,7211,51998521,921,3110517,3109597,7211,51940843,3110518,3113769,3252,51940853,51998477
921,7211,51998521,7213,52027369,922,3113769,3112848,7213,51998477,3113770,3115368,1599,51998533,52027351
922,7213,52027369,7219,52113961,923,3115368,3114446,7219,52027351,3115369,3120257,4889,52027379,52113953
923,7219,52113961,7229,52258441,924,3120257,3119334,7229,52113953,3120258,3128349,8092,52113973,52258439
924,7229,52258441,7237,52374169,925,3128349,3127425,7237,52258439,3128350,3134860,6511,52258457,52374167
925,7237,52374169,7243,52461049,926,3134860,3133935,7243,52374167,3134861,3139747,4887,52374191,52461007
926,7243,52461049,7247,52519009,927,3139747,3138821,7247,52461007,3139748,3142977,3230,52461107,52519007
927,7247,52519009,7253,52606009,928,3142977,3142050,7253,52519007,3142978,3147853,4876,52519013,52605983
928,7253,52606009,7283,53042089,929,3147853,3146925,7283,52605983,3147854,3172414,24561,52606027,53042081
929,7283,53042089,7297,53246209,930,3172414,3171485,7297,53042081,3172415,3183884,11470,53042107,53246203
930,7297,53246209,7307,53392249,931,3183884,3182954,7307,53246203,3183885,3192116,8232,53246239,53392243
931,7307,53392249,7309,53421481,932,3192116,3191185,7309,53392243,3192117,3193761,1645,53392271,53421461
932,7309,53421481,7321,53597041,933,3193761,3192829,7321,53421461,3193762,3203542,9781,53421493,53597029
933,7321,53597041,7331,53743561,934,3203542,3202609,7331,53597029,3203543,3211794,8252,53597051,53743541
934,7331,53743561,7333,53772889,935,3211794,3210860,7333,53743541,3211795,3213431,1637,53743577,53772883
935,7333,53772889,7349,54007801,936,3213431,3212496,7349,53772883,3213432,3226636,13205,53772893,54007799
936,7349,54007801,7351,54037201,937,3226636,3225700,7351,54007799,3226637,3228264,1628,54007819,54037171
937,7351,54037201,7369,54302161,938,3228264,3227327,7369,54037171,3228265,3243103,14839,54037211,54302147
938,7369,54302161,7393,54656449,939,3243103,3242165,7393,54302147,3243104,3263005,19902,54302177,54656429
939,7393,54656449,7411,54922921,940,3263005,3262066,7411,54656429,3263006,3277819,14814,54656461,54922867
940,7411,54922921,7417,55011889,941,3277819,3276879,7417,54922867,3277820,3282859,5040,54922943,55011871
941,7417,55011889,7433,55249489,942,3282859,3281918,7433,55011871,3282860,3296254,13395,55011911,55249477
942,7433,55249489,7451,55517401,943,3296254,3295312,7451,55249477,3296255,3311227,14973,55249499,55517389
943,7451,55517401,7457,55606849,944,3311227,3310284,7457,55517389,3311228,3316206,4979,55517417,55606841
944,7457,55606849,7459,55636681,945,3316206,3315262,7459,55606841,3316207,3317913,1707,55606853,55636663
945,7459,55636681,7477,55905529,946,3317913,3316968,7477,55636663,3317914,3333026,15113,55636729,55905491
946,7477,55905529,7481,55965361,947,3333026,3332080,7481,55905491,3333027,3336348,3322,55905539,55965353
947,7481,55965361,7487,56055169,948,3336348,3335401,7487,55965353,3336349,3341400,5052,55965379,56055151
948,7487,56055169,7489,56085121,949,3341400,3340452,7489,56055151,3341401,3343112,1712,56055191,56085119
949,7489,56085121,7499,56235001,950,3343112,3342163,7499,56085119,3343113,3351596,8484,56085137,56234987
950,7499,56235001,7507,56355049,951,3351596,3350646,7507,56234987,3351597,3358289,6693,56235059,56355041
951,7507,56355049,7517,56505289,952,3358289,3357338,7517,56355041,3358290,3366620,8331,56355053,56505283
952,7517,56505289,7523,56595529,953,3366620,3365668,7523,56505283,3366621,3371669,5049,56505329,56595463
953,7523,56595529,7529,56685841,954,3371669,3370716,7529,56595463,3371670,3376807,5138,56595541,56685833
954,7529,56685841,7537,56806369,955,3376807,3375853,7537,56685833,3376808,3383644,6837,56685859,56806363
955,7537,56806369,7541,56866681,956,3383644,3382689,7541,56806363,3383645,3386970,3326,56806403,56866643
956,7541,56866681,7547,56957209,957,3386970,3386014,7547,56866643,3386971,3392056,5086,56866687,56957207
957,7547,56957209,7549,56987401,958,3392056,3391099,7549,56957207,3392057,3393712,1656,56957213,56987351
958,7549,56987401,7559,57138481,959,3393712,3392754,7559,56987351,3393713,3402207,8495,56987419,57138413
959,7559,57138481,7561,57168721,960,3402207,3401248,7561,57138413,3402208,3403896,1689,57138539,57168689
960,7561,57168721,7573,57350329,961,3403896,3402936,7573,57168689,3403897,3414158,10262,57168733,57350327
961,7573,57350329,7577,57410929,962,3414158,3413197,7577,57350327,3414159,3417533,3375,57350351,57410917
962,7577,57410929,7583,57501889,963,3417533,3416571,7583,57410917,3417534,3422577,5044,57410933,57501883
963,7583,57501889,7589,57592921,964,3422577,3421614,7589,57501883,3422578,3427691,5114,57501893,57592919
964,7589,57592921,7591,57623281,965,3427691,3426727,7591,57592919,3427692,3429356,1665,57592949,57623273
965,7591,57623281,7603,57805609,966,3429356,3428391,7603,57623273,3429357,3439521,10165,57623287,57805597
966,7603,57805609,7607,57866449,967,3439521,3438555,7607,57805597,3439522,3442904,3383,57805651,57866423
967,7607,57866449,7621,58079641,968,3442904,3441937,7621,57866423,3442905,3454834,11930,57866503,58079611
968,7621,58079641,7639,58354321,969,3454834,3453866,7639,58079611,3454835,3470169,15335,58079689,58354313
969,7639,58354321,7643,58415449,970,3470169,3469200,7643,58354313,3470170,3473602,3433,58354367,58415411
970,7643,58415449,7649,58507201,971,3473602,3472632,7649,58415411,3473603,3478712,5110,58415453,58507171
971,7649,58507201,7669,58813561,972,3478712,3477741,7669,58507171,3478713,3495941,17229,58507247,58813549
972,7669,58813561,7673,58874929,973,3495941,3494969,7673,58813549,3495942,3499392,3451,58813583,58874909
973,7673,58874929,7681,58997761,974,3499392,3498419,7681,58874909,3499393,3506201,6809,58874953,58997759
974,7681,58997761,7687,59089969,975,3506201,3505227,7687,58997759,3506202,3511347,5146,58997777,59089903
975,7687,59089969,7691,59151481,976,3511347,3510372,7691,59089903,3511348,3514749,3402,59089991,59151467
976,7691,59151481,7699,59274601,977,3514749,3513773,7699,59151467,3514750,3521584,6835,59151509,59274587
977,7699,59274601,7703,59336209,978,3521584,3520607,7703,59274587,3521585,3525053,3469,59274647,59336177
978,7703,59336209,7717,59552089,979,3525053,3524075,7717,59336177,3525054,3537104,12051,59336213,59552069
979,7717,59552089,7723,59644729,980,3537104,3536125,7723,59552069,3537105,3542273,5169,59552107,59644679
980,7723,59644729,7727,59706529,981,3542273,3541293,7727,59644679,3542274,3545716,3443,59644733,59706509
981,7727,59706529,7741,59923081,982,3545716,3544735,7741,59706509,3545717,3557830,12114,59706539,59923069
982,7741,59923081,7753,60109009,983,3557830,3556848,7753,59923069,3557831,3568171,10341,59923111,60108953
983,7753,60109009,7757,60171049,984,3568171,3567188,7757,60108953,3568172,3571653,3482,60109019,60171047
984,7757,60171049,7759,60202081,985,3571653,3570669,7759,60171047,3571654,3573342,1689,60171073,60202069
985,7759,60202081,7789,60668521,986,3573342,3572357,7789,60202069,3573343,3599465,26123,60202111,60668513
986,7789,60668521,7793,60730849,987,3599465,3598479,7793,60668513,3599466,3602922,3457,60668527,60730837
987,7793,60730849,7817,61105489,988,3602922,3601935,7817,60730837,3602923,3623866,20944,60730853,61105487
988,7817,61105489,7823,61199329,989,3623866,3622878,7823,61105487,3623867,3629048,5182,61105493,61199273
989,7823,61199329,7829,61293241,990,3629048,3628059,7829,61199273,3629049,3634299,5251,61199377,61293203
990,7829,61293241,7841,61481281,991,3634299,3633309,7841,61293203,3634300,3644754,10455,61293277,61481267
991,7841,61481281,7853,61669609,992,3644754,3643763,7853,61481267,3644755,3655191,10437,61481297,61669607
992,7853,61669609,7867,61889689,993,3655191,3654199,7867,61669607,3655192,3667462,12271,61669667,61889687
993,7867,61889689,7873,61984129,994,3667462,3666469,7873,61889687,3667463,3672702,5240,61889701,61984121
994,7873,61984129,7877,62047129,995,3672702,3671708,7877,61984121,3672703,3676217,3515,61984147,62047121
995,7877,62047129,7879,62078641,996,3676217,3675222,7879,62047121,3676218,3677988,1771,62047133,62078623
996,7879,62078641,7883,62141689,997,3677988,3676992,7883,62078623,3677989,3681588,3600,62078659,62141683
997,7883,62141689,7901,62425801,998,3681588,3680591,7901,62141683,3681589,3697365,15777,62141713,62425799
998,7901,62425801,7907,62520649,999,3697365,3696367,7907,62425799,3697366,3702651,5286,62425813,62520637
999,7907,62520649,7919,62710561,1000,3702651,3701652,7919,62520637,3702652,3713160,10509,62520677,62710559
1000,7919,62710561,7927,62837329,1001,3713160,3712160,7927,62710559,3713161,3720273,7113,62710573,62837317
