ratio,X,H,residual,L/H<2,2<=L/H<4,4<=L/H<8,L/H>=8
250,20000000,80000,1.2939521707327156e-05,0.5557649439883117,0.21255302202253631,0.13106207715698107,0.10061995683217104
250,40000000,160000,1.291866281487153e-05,0.5557891280404412,0.21257416356497055,0.13036942609977561,0.10126728229481281
250,60000000,240000,1.1822054772675105e-05,0.4477072547880862,0.3531468958783216,0.10981544560898532,0.08933040372460677
500,20000000,40000,1.1678868879609496e-05,0.5522281882483044,0.21581027981434456,0.1287839948621043,0.10317753707524666
500,40000000,80000,1.0469653336085455e-05,0.5476625273225412,0.21526244982355416,0.13142328541103795,0.10565173744286666
500,60000000,120000,9.516065279710899e-06,0.5258633659480657,0.26191485242251417,0.11556878274338671,0.09665299888603357
1000,20000000,20000,1.0388573393320864e-05,0.5477134654274113,0.2227648124924612,0.12535297064648301,0.10416875143364455
1000,40000000,40000,9.294589151791219e-06,0.5442294366324676,0.2175388473290972,0.1300471164278844,0.10818459961055073
1000,60000000,60000,8.318592339569252e-06,0.5183008565837176,0.26625547674535766,0.1158943228291654,0.09954934384175917
