المكون_الأولي,عدد_مرات_التكرار,النسبة_من_1000
3,999,0.999
11,201,0.201
17,125,0.125
19,110,0.110
41,50,0.050
43,50,0.050
59,37,0.037
67,29,0.029
73,27,0.027
83,25,0.025
97,20,0.020
89,19,0.019
139,18,0.018
113,16,0.016
137,16,0.016
107,15,0.015
131,15,0.015
163,15,0.015
241,11,0.011
179,10,0.010
193,10,0.010
211,10,0.010
233,9,0.009
347,9,0.009
257,8,0.008
283,8,0.008
227,7,0.007
281,7,0.007
313,7,0.007
353,7,0.007
433,7,0.007
379,6,0.006
401,6,0.006
419,6,0.006
491,6,0.006
547,6,0.006
251,5,0.005
337,5,0.005
449,5,0.005
457,5,0.005
523,5,0.005
571,5,0.005
619,5,0.005
331,4,0.004
409,4,0.004
443,4,0.004
499,4,0.004
521,4,0.004
569,4,0.004
577,4,0.004
587,4,0.004
593,4,0.004
683,4,0.004
859,4,0.004
307,3,0.003
467,3,0.003
601,3,0.003
617,3,0.003
691,3,0.003
739,3,0.003
787,3,0.003
809,3,0.003
811,3,0.003
857,3,0.003
881,3,0.003
937,3,0.003
971,3,0.003
977,3,0.003
1049,3,0.003
1051,3,0.003
1129,3,0.003
1153,3,0.003
1249,3,0.003
1451,3,0.003
1531,3,0.003
563,2,0.002
641,2,0.002
643,2,0.002
659,2,0.002
673,2,0.002
769,2,0.002
827,2,0.002
883,2,0.002
907,2,0.002
929,2,0.002
947,2,0.002
953,2,0.002
1123,2,0.002
1163,2,0.002
1171,2,0.002
1187,2,0.002
1283,2,0.002
1361,2,0.002
1409,2,0.002
1523,2,0.002
1553,2,0.002
1571,2,0.002
1579,2,0.002
1601,2,0.002
1657,2,0.002
1667,2,0.002
1723,2,0.002
1801,2,0.002
1867,2,0.002
1907,2,0.002
1987,2,0.002
2081,2,0.002
2089,2,0.002
2099,2,0.002
2131,2,0.002
2203,2,0.002
2377,2,0.002
2411,2,0.002
2473,2,0.002
2617,2,0.002
2713,2,0.002
2843,2,0.002
3259,2,0.002
3371,2,0.002
3457,2,0.002
4201,2,0.002
4297,2,0.002
4441,2,0.002
2,1,0.001
761,1,0.001
1009,1,0.001
1019,1,0.001
1033,1,0.001
1091,1,0.001
1097,1,0.001
1193,1,0.001
1201,1,0.001
1217,1,0.001
1259,1,0.001
1291,1,0.001
1297,1,0.001
1307,1,0.001
1321,1,0.001
1433,1,0.001
1459,1,0.001
1481,1,0.001
1483,1,0.001
1489,1,0.001
1499,1,0.001
1619,1,0.001
1697,1,0.001
1699,1,0.001
1721,1,0.001
1777,1,0.001
1787,1,0.001
1811,1,0.001
1873,1,0.001
1889,1,0.001
1979,1,0.001
1993,1,0.001
2003,1,0.001
2017,1,0.001
2027,1,0.001
2129,1,0.001
2153,1,0.001
2161,1,0.001
2179,1,0.001
2267,1,0.001
2297,1,0.001
2339,1,0.001
2371,1,0.001
2393,1,0.001
2467,1,0.001
2521,1,0.001
2531,1,0.001
2539,1,0.001
2579,1,0.001
2593,1,0.001
2609,1,0.001
2657,1,0.001
2659,1,0.001
2683,1,0.001
2689,1,0.001
2699,1,0.001
2707,1,0.001
2729,1,0.001
2753,1,0.001
2777,1,0.001
2819,1,0.001
2851,1,0.001
2897,1,0.001
2939,1,0.001
2969,1,0.001
2971,1,0.001
3011,1,0.001
3041,1,0.001
3067,1,0.001
3121,1,0.001
3137,1,0.001
3203,1,0.001
3217,1,0.001
3257,1,0.001
3307,1,0.001
3323,1,0.001
3329,1,0.001
3331,1,0.001
3433,1,0.001
3449,1,0.001
3467,1,0.001
3529,1,0.001
3593,1,0.001
3617,1,0.001
3673,1,0.001
3691,1,0.001
3769,1,0.001
3779,1,0.001
3833,1,0.001
3851,1,0.001
3889,1,0.001
3907,1,0.001
4003,1,0.001
4057,1,0.001
4091,1,0.001
4129,1,0.001
4139,1,0.001
4177,1,0.001
4289,1,0.001
4337,1,0.001
4339,1,0.001
4363,1,0.001
4451,1,0.001
4507,1,0.001
4513,1,0.001
4547,1,0.001
4673,1,0.001
4691,1,0.001
4793,1,0.001
4801,1,0.001
4817,1,0.001
4931,1,0.001
4969,1,0.001
4987,1,0.001
5051,1,0.001
5081,1,0.001
5099,1,0.001
5153,1,0.001
5233,1,0.001
5393,1,0.001
5419,1,0.001
5441,1,0.001
5443,1,0.001
5507,1,0.001
5569,1,0.001
5641,1,0.001
5657,1,0.001
5659,1,0.001
5683,1,0.001
5827,1,0.001
5851,1,0.001
5857,1,0.001
6073,1,0.001
6121,1,0.001
6257,1,0.001
6337,1,0.001
6353,1,0.001
6427,1,0.001
6491,1,0.001
6547,1,0.001
6553,1,0.001
6571,1,0.001
6619,1,0.001
6673,1,0.001
6737,1,0.001
6793,1,0.001
6899,1,0.001
6947,1,0.001
7027,1,0.001
7057,1,0.001
7187,1,0.001
7219,1,0.001
7393,1,0.001
7411,1,0.001
7499,1,0.001
7507,1,0.001
7537,1,0.001
7561,1,0.001
7603,1,0.001
7753,1,0.001
7907,1,0.001
8089,1,0.001
8123,1,0.001
8179,1,0.001
8209,1,0.001
8387,1,0.001
8563,1,0.001
8699,1,0.001
8737,1,0.001
8779,1,0.001
8819,1,0.001
8867,1,0.001
8929,1,0.001
8969,1,0.001
9067,1,0.001
9137,1,0.001
9161,1,0.001
9227,1,0.001
9371,1,0.001
9403,1,0.001
9497,1,0.001
9539,1,0.001
9769,1,0.001
9811,1,0.001
9857,1,0.001
9859,1,0.001
10139,1,0.001
10267,1,0.001
10313,1,0.001
10433,1,0.001
10993,1,0.001
11497,1,0.001
11617,1,0.001
11689,1,0.001
11699,1,0.001
11833,1,0.001
11867,1,0.001
11987,1,0.001
12161,1,0.001
12203,1,0.001
12211,1,0.001
12241,1,0.001
12281,1,0.001
12289,1,0.001
12451,1,0.001
12457,1,0.001
12491,1,0.001
12619,1,0.001
12689,1,0.001
12697,1,0.001
12889,1,0.001
12899,1,0.001
13001,1,0.001
13121,1,0.001
13499,1,0.001
13513,1,0.001
13697,1,0.001
13859,1,0.001
14323,1,0.001
14347,1,0.001
14401,1,0.001
14419,1,0.001
14489,1,0.001
14563,1,0.001
14627,1,0.001
14731,1,0.001
14737,1,0.001
14827,1,0.001
14891,1,0.001
15121,1,0.001
15137,1,0.001
15161,1,0.001
15289,1,0.001
15313,1,0.001
15451,1,0.001
15467,1,0.001
15473,1,0.001
15497,1,0.001
15907,1,0.001
15923,1,0.001
16033,1,0.001
16073,1,0.001
16249,1,0.001
16273,1,0.001
16883,1,0.001
17569,1,0.001
17851,1,0.001
17923,1,0.001
17971,1,0.001
17977,1,0.001
18097,1,0.001
18353,1,0.001
18587,1,0.001
19051,1,0.001
19211,1,0.001
19379,1,0.001
19387,1,0.001
19507,1,0.001
19913,1,0.001
19961,1,0.001
20411,1,0.001
20563,1,0.001
20899,1,0.001
21001,1,0.001
21139,1,0.001
21401,1,0.001
21683,1,0.001
21859,1,0.001
22073,1,0.001
22153,1,0.001
22697,1,0.001
22859,1,0.001
23027,1,0.001
23057,1,0.001
23473,1,0.001
23531,1,0.001
23627,1,0.001
23819,1,0.001
23833,1,0.001
23971,1,0.001
23977,1,0.001
24049,1,0.001
24121,1,0.001
24371,1,0.001
24481,1,0.001
24683,1,0.001
24691,1,0.001
25033,1,0.001
25577,1,0.001
25913,1,0.001
25931,1,0.001
26321,1,0.001
26371,1,0.001
27329,1,0.001
27689,1,0.001
28019,1,0.001
28081,1,0.001
28571,1,0.001
29033,1,0.001
29059,1,0.001
30697,1,0.001
30763,1,0.001
30851,1,0.001
31177,1,0.001
31481,1,0.001
31793,1,0.001
32003,1,0.001
32083,1,0.001
32363,1,0.001
32707,1,0.001
33569,1,0.001
34259,1,0.001
34897,1,0.001
35251,1,0.001
35353,1,0.001
36467,1,0.001
37337,1,0.001
38177,1,0.001
38609,1,0.001
40531,1,0.001
40699,1,0.001
40897,1,0.001
40939,1,0.001
41641,1,0.001
41897,1,0.001
42131,1,0.001
42299,1,0.001
42961,1,0.001
43499,1,0.001
43963,1,0.001
44281,1,0.001
44507,1,0.001
44587,1,0.001
44851,1,0.001
45481,1,0.001
45523,1,0.001
46099,1,0.001
46273,1,0.001
47057,1,0.001
47881,1,0.001
49019,1,0.001
49531,1,0.001
50441,1,0.001
50513,1,0.001
51563,1,0.001
51577,1,0.001
51817,1,0.001
52081,1,0.001
53299,1,0.001
53899,1,0.001
56131,1,0.001
56923,1,0.001
57881,1,0.001
59009,1,0.001
59699,1,0.001
60521,1,0.001
61129,1,0.001
61339,1,0.001
61729,1,0.001
62497,1,0.001
63443,1,0.001
65707,1,0.001
65867,1,0.001
67547,1,0.001
68777,1,0.001
68819,1,0.001
69163,1,0.001
69403,1,0.001
69467,1,0.001
69931,1,0.001
70051,1,0.001
70841,1,0.001
73529,1,0.001
73651,1,0.001
74201,1,0.001
74297,1,0.001
74923,1,0.001
75041,1,0.001
75337,1,0.001
76481,1,0.001
77513,1,0.001
78193,1,0.001
79259,1,0.001
83299,1,0.001
84913,1,0.001
86171,1,0.001
86771,1,0.001
87587,1,0.001
87803,1,0.001
89689,1,0.001
89899,1,0.001
90163,1,0.001
90203,1,0.001
90481,1,0.001
90659,1,0.001
91577,1,0.001
92203,1,0.001
92243,1,0.001
93179,1,0.001
94907,1,0.001
95561,1,0.001
96323,1,0.001
97561,1,0.001
98387,1,0.001
98737,1,0.001
101963,1,0.001
106307,1,0.001
106753,1,0.001
107251,1,0.001
107273,1,0.001
108131,1,0.001
109619,1,0.001
109721,1,0.001
110977,1,0.001
112603,1,0.001
112939,1,0.001
113227,1,0.001
115001,1,0.001
116387,1,0.001
116833,1,0.001
116953,1,0.001
118043,1,0.001
118273,1,0.001
118297,1,0.001
118819,1,0.001
119419,1,0.001
120401,1,0.001
122267,1,0.001
127163,1,0.001
128201,1,0.001
128339,1,0.001
128939,1,0.001
128987,1,0.001
129643,1,0.001
132721,1,0.001
132739,1,0.001
133499,1,0.001
134363,1,0.001
137483,1,0.001
139409,1,0.001
139537,1,0.001
140689,1,0.001
141539,1,0.001
144139,1,0.001
145121,1,0.001
145139,1,0.001
145451,1,0.001
149489,1,0.001
152777,1,0.001
153107,1,0.001
155137,1,0.001
156011,1,0.001
159161,1,0.001
159347,1,0.001
165049,1,0.001
166841,1,0.001
167491,1,0.001
168347,1,0.001
168433,1,0.001
172321,1,0.001
175963,1,0.001
176353,1,0.001
176489,1,0.001
176777,1,0.001
177787,1,0.001
177907,1,0.001
179779,1,0.001
182041,1,0.001
182899,1,0.001
184441,1,0.001
191353,1,0.001
191507,1,0.001
194659,1,0.001
195659,1,0.001
204107,1,0.001
207241,1,0.001
208001,1,0.001
209459,1,0.001
220369,1,0.001
220681,1,0.001
221233,1,0.001
222977,1,0.001
227977,1,0.001
229081,1,0.001
232049,1,0.001
237067,1,0.001
240811,1,0.001
243707,1,0.001
248257,1,0.001
251171,1,0.001
258721,1,0.001
260179,1,0.001
261281,1,0.001
265339,1,0.001
279577,1,0.001
281363,1,0.001
287681,1,0.001
290993,1,0.001
291899,1,0.001
293129,1,0.001
298723,1,0.001
298937,1,0.001
299099,1,0.001
311299,1,0.001
314059,1,0.001
314641,1,0.001
321851,1,0.001
322097,1,0.001
323249,1,0.001
331337,1,0.001
332201,1,0.001
339467,1,0.001
342899,1,0.001
343787,1,0.001
348451,1,0.001
351041,1,0.001
355697,1,0.001
361337,1,0.001
362147,1,0.001
362723,1,0.001
376657,1,0.001
377129,1,0.001
379531,1,0.001
386611,1,0.001
389027,1,0.001
393713,1,0.001
393721,1,0.001
393857,1,0.001
406403,1,0.001
409961,1,0.001
411841,1,0.001
414361,1,0.001
417283,1,0.001
420097,1,0.001
439123,1,0.001
442537,1,0.001
449321,1,0.001
449347,1,0.001
451361,1,0.001
469657,1,0.001
480059,1,0.001
481801,1,0.001
482099,1,0.001
497291,1,0.001
497873,1,0.001
498577,1,0.001
519131,1,0.001
525529,1,0.001
528707,1,0.001
532033,1,0.001
544883,1,0.001
560737,1,0.001
565937,1,0.001
569417,1,0.001
581491,1,0.001
592387,1,0.001
593353,1,0.001
611323,1,0.001
637691,1,0.001
637699,1,0.001
645763,1,0.001
658633,1,0.001
661201,1,0.001
674771,1,0.001
674977,1,0.001
680681,1,0.001
686843,1,0.001
697891,1,0.001
697937,1,0.001
708473,1,0.001
709561,1,0.001
717923,1,0.001
723067,1,0.001
724553,1,0.001
733097,1,0.001
735083,1,0.001
735211,1,0.001
739027,1,0.001
748211,1,0.001
781321,1,0.001
796259,1,0.001
799801,1,0.001
834787,1,0.001
846113,1,0.001
867257,1,0.001
873721,1,0.001
882377,1,0.001
893257,1,0.001
895787,1,0.001
904801,1,0.001
917633,1,0.001
936379,1,0.001
973561,1,0.001
1000667,1,0.001
1024337,1,0.001
1059697,1,0.001
1080907,1,0.001
1099121,1,0.001
1124251,1,0.001
1137137,1,0.001
1150987,1,0.001
1176881,1,0.001
1251707,1,0.001
1255147,1,0.001
1276147,1,0.001
1280969,1,0.001
1312411,1,0.001
1329337,1,0.001
1393187,1,0.001
1404937,1,0.001
1410707,1,0.001
1435627,1,0.001
1447331,1,0.001
1455569,1,0.001
1553347,1,0.001
1556641,1,0.001
1578809,1,0.001
1598539,1,0.001
1632457,1,0.001
1671041,1,0.001
1699547,1,0.001
1743457,1,0.001
1758737,1,0.001
1772033,1,0.001
1794649,1,0.001
1826761,1,0.001
1857371,1,0.001
1883377,1,0.001
1908817,1,0.001
1937641,1,0.001
1995937,1,0.001
2038577,1,0.001
2045177,1,0.001
2273059,1,0.001
2282897,1,0.001
2317499,1,0.001
2353217,1,0.001
2363857,1,0.001
2399497,1,0.001
2442617,1,0.001
2482481,1,0.001
2484827,1,0.001
2541899,1,0.001
2675297,1,0.001
2694217,1,0.001
2776667,1,0.001
2778257,1,0.001
2942281,1,0.001
3000979,1,0.001
3096427,1,0.001
3098801,1,0.001
3148259,1,0.001
3180641,1,0.001
3289387,1,0.001
3458281,1,0.001
3533147,1,0.001
3588499,1,0.001
3601139,1,0.001
3623947,1,0.001
3632201,1,0.001
3726187,1,0.001
3997457,1,0.001
4009339,1,0.001
4062361,1,0.001
4146577,1,0.001
4217417,1,0.001
4274521,1,0.001
4303217,1,0.001
4391819,1,0.001
4409257,1,0.001
4555937,1,0.001
4585561,1,0.001
4610321,1,0.001
4630177,1,0.001
4735121,1,0.001
4760281,1,0.001
4762579,1,0.001
4805737,1,0.001
4897297,1,0.001
4947659,1,0.001
5043019,1,0.001
5088217,1,0.001
5109107,1,0.001
5124187,1,0.001
5150921,1,0.001
5182417,1,0.001
5389481,1,0.001
5760217,1,0.001
5910841,1,0.001
5961481,1,0.001
5971507,1,0.001
6114697,1,0.001
6275641,1,0.001
6304601,1,0.001
6345257,1,0.001
6372259,1,0.001
6586067,1,0.001
6678779,1,0.001
6699097,1,0.001
6729017,1,0.001
6789499,1,0.001
6807121,1,0.001
6934241,1,0.001
7297681,1,0.001
7335161,1,0.001
7435577,1,0.001
7734497,1,0.001
7779521,1,0.001
8403481,1,0.001
8830537,1,0.001
9107177,1,0.001
9296321,1,0.001
9395161,1,0.001
9530137,1,0.001
9781297,1,0.001
9788521,1,0.001
9875417,1,0.001
10006481,1,0.001
10109017,1,0.001
10182577,1,0.001
10788241,1,0.001
11411401,1,0.001
11434817,1,0.001
11450441,1,0.001
11520881,1,0.001
12148457,1,0.001
12293777,1,0.001
12488881,1,0.001
12825737,1,0.001
13108481,1,0.001
13234201,1,0.001
13352081,1,0.001
13538377,1,0.001
14001121,1,0.001
14305201,1,0.001
14418977,1,0.001
14550817,1,0.001
14869681,1,0.001
14914241,1,0.001
15426937,1,0.001
15545081,1,0.001
15672817,1,0.001
15727721,1,0.001
16254097,1,0.001
16394057,1,0.001
16422121,1,0.001
16902881,1,0.001
16931377,1,0.001
17246417,1,0.001
17419481,1,0.001
17458057,1,0.001
17487017,1,0.001
17506337,1,0.001
17535337,1,0.001
17748737,1,0.001
17924297,1,0.001
18835097,1,0.001
19046161,1,0.001
19288817,1,0.001
19451441,1,0.001
19502401,1,0.001
19604521,1,0.001
19696657,1,0.001
